suka,0
,1092.0
,843.0
,734.0
,2.0
,397.0
,27.0
,617.0
,23.0
,15.0
,5.0
,4.0
,5.0
,13.0
,0.0
,3.0
,3.0
,1.0
,1.0
,7.0
,4.0
,9.0
,5.0
,30.0
,4.0
,99.0
,5.0
,0.0
,7.0
,10.0
,0.0
,5.0
,13.0
,6.0
,4.0
,4.0
,244.0
,2.0
,14.0
,519.0
,146.0
,300.0
,8.0
,23.0
,0.0
,162.0
,0.0
,2.0
,0.0
,92.0
,35.0
,2.0
,4.0
,3.0
,2.0
,2.0
,2.0
,4.0
,3.0
,0.0
,0.0
,2.0
,3.0
,2.0
,3.0
,3.0
,0.0
,2.0
,13.0
,27.0
,14.0
,15.0
,74.0
,10.0
,9.0
,9.0
,8.0
,3.0
,6.0
,12.0
,4.0
,3.0
,4.0
,5.0
,7.0
,4.0
,1.0
,9.0
,5.0
,48.0
,39.0
,41.0
,16.0
,57.0
,13.0
,15.0
,13.0
,15.0
,416.0
,28.0
,15.0
,21.0
,24.0
,15.0
,15.0
,18.0
,3.0
,11.0
,14.0
,13.0
,4.0
,4.0
,7.0
,11.0
,15.0
,6.0
,7.0
,10.0
,8.0
,9.0
,10.0
,10.0
,18.0
,6.0
,11.0
,7.0
,7.0
,9.0
,10.0
,10.0
,4.0
,7.0
,13.0
,11.0
,5.0
,4.0
,89.0
,4.0
,4.0
,1.0
,5.0
,4.0
,14.0
,4.0
,8.0
,4.0
,8.0
,3.0
,11.0
,0.0
,2.0
,8.0
,0.0
,5.0
,1335.0
,1.0
,0.0
,3.0
,0.0
,2.0
,0.0
,4.0
,5.0
,3.0
,0.0
,8.0
,1.0
,0.0
,4.0
,15.0
,5.0
,1.0
,0.0
,0.0
,4.0
,7.0
,1.0
,7.0
,2.0
,18.0
,7.0
,2.0
,4.0
,5.0
,1.0
,4.0
,0.0
,5.0
,0.0
,4.0
,0.0
,0.0
,2.0
,3.0
,1.0
,39.0
,0.0
,6.0
,2.0
,3.0
,4.0
,1.0
,5.0
,1.0
,2.0
,4.0
,5.0
,2.0
,3.0
,4.0
,2.0
,1.0
,1.0
,3.0
,1.0
,1.0
,2.0
,5.0
,3.0
,8.0
,5.0
,3.0
,4.0
,0.0
,2.0
,1.0
,0.0
,1.0
,6.0
,219.0
,0.0
,2.0
,1.0
,0.0
,2.0
,2.0
,0.0
,4.0
,2.0
,0.0
,3.0
,2.0
,1.0
,3.0
,0.0
,4.0
,1.0
,1.0
,799.0
,3.0
,0.0
,0.0
,2.0
,0.0
,0.0
,0.0
,0.0
,1.0
,3.0
,2.0
,0.0
,621.0
,0.0
,3.0
,0.0
,5.0
,0.0
,3.0
,0.0
,1.0
,0.0
,0.0
,2.0
,0.0
,0.0
,0.0
,0.0
,0.0
,0.0
,0.0
,4.0
,0.0
,1.0
,0.0
,0.0
,0.0
,1.0
,0.0
,0.0
,0.0
,1.0
,2.0
,0.0
,1.0
,0.0
,0.0
,0.0
,0.0
,0.0
,5.0
,1.0
,1.0
,1.0
,0.0
,1.0
,0.0
,0.0
,2.0
,1.0
,1.0
,0.0
,329.0
,0.0
,3.0
,2.0
,1.0
,1.0
,0.0
,1.0
,1.0
,0.0
,1.0
,11.0
,0.0
,1.0
,0.0
,275.0
,185.0
,0.0
,0.0
,0.0
,0.0
,290.0
,238.0
,1.0
,1.0
,1.0
,236.0
,0.0
,1.0
,2.0
,4.0
,2.0
,3.0
,0.0
,0.0
,0.0
,0.0
,1.0
,1.0
,0.0
,1.0
,0.0
,0.0
,0.0
,0.0
,0.0
,0.0
,1.0
,0.0
,30.0
,1.0
,0.0
,1.0
,2.0
,0.0
,1.0
,0.0
,3.0
,1.0
,0.0
,7.0
,1.0
,105.0
,0.0
,0.0
,0.0
,0.0
,0.0
,0.0
,0.0
,11.0
,3.0
,0.0
,0.0
,0.0
,2.0
,0.0
,1.0
,0.0
,0.0
,0.0
,141.0
,2.0
,0.0
,3.0
,4.0
,11.0
,10.0
,3.0
,9.0
,10.0
,4.0
,6.0
,15.0
,6.0
,7.0
,10.0
,8.0
,3.0
,1.0
,3.0
,5.0
,7.0
,3.0
,1.0
,0.0
,0.0
,0.0
,0.0
,0.0
,1.0
,0.0
,0.0
,1.0
,0.0
,2.0
,0.0
,0.0
,0.0
,0.0
,1.0
,4.0
,0.0
,0.0
,0.0
,2.0
,1.0
,2.0
,1.0
,0.0
,0.0
,0.0
,0.0
,7.0
,0.0
,1.0
,6.0
,1.0
,0.0
,0.0
,4.0
,0.0
,0.0
,0.0
,3.0
,0.0
,5.0
,0.0
,0.0
,2.0
,0.0
,0.0
,1.0
,1.0
,0.0
,0.0
,0.0
,24.0
,0.0
,0.0
,0.0
,0.0
,1.0
,2.0
,0.0
,1.0
,0.0
,0.0
,2.0
,0.0
,2.0
,0.0
,0.0
,0.0
,1.0
,1.0
,0.0
,0.0
,1.0
,1.0
,0.0
,1.0
,0.0
,0.0
,6.0
,2.0
,0.0
,1.0
,0.0
,0.0
,0.0
,0.0
,2.0
,1.0
,3.0
,3.0
,0.0
,0.0
,3.0
,1.0
,0.0
,6.0
,3.0
,7.0
,1.0
,1.0
,0.0
,2.0
,9.0
,0.0
,1.0
,2.0
,0.0
,0.0
,1.0
,0.0
,1.0
,0.0
,2.0
,1.0
,13.0
,2.0
,0.0
,21.0
,0.0
,2.0
,0.0
,0.0
,0.0
,6.0
,3.0
,1.0
,1.0
,4.0
,3.0
,1.0
,9.0
,0.0
,0.0
,1.0
,8.0
,3.0
,1.0
,5.0
,0.0
,4.0
,0.0
,5.0
,0.0
,3.0
,0.0
,4.0
,3.0
,3.0
,1.0
,0.0
,1.0
,1.0
,1.0
,0.0
,0.0
,0.0
,1.0
,2.0
,1.0
,0.0
,4.0
,1.0
,0.0
,1.0
,1.0
,4.0
,1.0
,0.0
,1.0
,6.0
,0.0
,2.0
,0.0
,1.0
,0.0
,2.0
,4.0
,9.0
,2.0
,0.0
,1.0
,1.0
,0.0
,0.0
,1.0
,3.0
,0.0
,5.0
,1.0
,4.0
,3.0
,4.0
,1.0
,3.0
,0.0
,1.0
,1.0
,1.0
,1.0
,1.0
,2.0
,1.0
,3.0
,5.0
,1.0
,4.0
,0.0
,0.0
,3.0
,0.0
,0.0
,4.0
,1.0
,1.0
,0.0
,1.0
,2.0
,2.0
,2.0
,1.0
,1.0
,1.0
,0.0
,2.0
,0.0
,1.0
,2.0
,3.0
,2.0
,2.0
,1.0
,1.0
,6.0
,2.0
,0.0
,5.0
,2.0
,0.0
,1.0
,1.0
,4.0
,0.0
,0.0
,0.0
,1.0
,58.0
,1.0
,2.0
,12.0
,0.0
,5.0
,0.0
,0.0
,0.0
,0.0
,0.0
,3.0
,4.0
,2.0
,11.0
,15.0
,18.0
,38.0
,88.0
,25.0
,89.0
,11.0
,42.0
,48.0
,42.0
,17.0
,29.0
,41.0
,15.0
,69.0
,8.0
,27.0
,5.0
,58.0
,18.0
,7.0
,9.0
,18.0
,35.0
,45.0
,12.0
,11.0
,12.0
,12.0
,6.0
,72.0
,32.0
,5.0
,8.0
,12.0
,9.0
,10.0
,10.0
,48.0
,4.0
,23.0
,13.0
,10.0
,10.0
,26.0
,5.0
,7.0
,11.0
,6.0
,6.0
,9.0
,8.0
,9.0
,11.0
,9.0
,5.0
,10.0
,4.0
,8.0
,4.0
,4.0
,13.0
,13.0
,11.0
,10.0
,7.0
,5.0
,4.0
,3.0
,6.0
,9.0
,9.0
,4.0
,113.0
,7.0
,11.0
,2.0
,3.0
,3.0
,2.0
,7.0
,9.0
,7.0
,49.0
,35.0
,6.0
,8.0
,5.0
,5.0
,8.0
,11.0
,2.0
,4.0
,4.0
,7.0
,10.0
,3.0
,8.0
,8.0
,7.0
,6.0
,5.0
,6.0
,5.0
,8.0
,6.0
,3.0
,6.0
,5.0
,3.0
,3.0
,4.0
,4.0
,8.0
,5.0
,4.0
,4.0
,5.0
,8.0
,7.0
,3.0
,4.0
,4.0
,7.0
,12.0
,3.0
,5.0
,3.0
,5.0
,3.0
,8.0
,4.0
,1.0
,7.0
,3.0
,6.0
,0.0
,1.0
,6.0
,2.0
,3.0
,0.0
,0.0
,1.0
,1.0
,1.0
,1.0
,5.0
,3.0
,4.0
,0.0
,1.0
,0.0
,0.0
,0.0
,2.0
,0.0
,2.0
,8.0
,1.0
,0.0
,8.0
,0.0
,43.0
,6.0
,1.0
,0.0
,0.0
,0.0
,1.0
,3.0
,1.0
,2.0
,1.0
,3.0
,1.0
,1.0
,0.0
,2.0
,6.0
,0.0
,6.0
,2.0
,0.0
,2.0
,1.0
,0.0
,1.0
,1.0
,1.0
,1.0
,2.0
,2.0
,5.0
,3.0
,3.0
,1.0
,1.0
,2.0
,0.0
,0.0
,4.0
,4.0
,3.0
,0.0
,1.0
,0.0
,2.0
,1.0
,1.0
,0.0
,0.0
,1.0
,6.0
,1.0
,5.0
,1.0
,0.0
,2.0
,0.0
,0.0
,3.0
,7.0
,1.0
,4.0
,0.0
,1.0
,5.0
,3.0
,3.0
,13.0
,3.0
,1.0
,2.0
,0.0
,3.0
,1.0
,5.0
,3.0
,1.0
,0.0
,0.0
,1.0
,0.0
,0.0
,3.0
,2.0
,3.0
,1.0
,3.0
,1.0
,1.0
,0.0
,0.0
,3.0
,1.0
,1.0
,1.0
,2.0
,8.0
,3.0
,0.0
,4.0
,0.0
,2.0
,1.0
,4.0
,6.0
,1.0
,0.0
,3.0
,6.0
,3.0
,2.0
,0.0
,2.0
,0.0
,0.0
,0.0
,0.0
,0.0
,2.0
,0.0
,2.0
,5.0
,1.0
,3.0
,0.0
,1.0
,0.0
,0.0
,1.0
,3.0
,1.0
,2.0
,0.0
,3.0
,2.0
,1.0
,4.0
,1.0
,3.0
,4.0
,1.0
,2.0
,2.0
,5.0
,2.0
,4.0
,0.0
,4.0
,1.0
,0.0
,5.0
,0.0
,1.0
,1.0
,1.0
,1.0
,0.0
,0.0
,1.0
,1.0
,1.0
,0.0
,0.0
,0.0
,1.0
,2.0
,1.0
,4.0
,3.0
,0.0
,1.0
,2.0
,2.0
,1.0
,0.0
,2.0
,0.0
,1.0
,2.0
,0.0
,2.0
,5.0
,2.0
,6.0
,2.0
,1.0
,0.0
,1.0
,2.0
,0.0
,1.0
,1.0
,0.0
,0.0
,1.0
,5.0
,0.0
,0.0
,2.0
,5.0
,1.0
,0.0
,2.0
,2.0
,1.0
,1.0
,1.0
,1.0
,0.0
,5.0
,2.0
,1.0
,3.0
,3.0
,1.0
,1.0
,0.0
,2.0
,4.0
,3.0
,0.0
,3.0
,3.0
,2.0
,3.0
,1.0
,5.0
,0.0
,4.0
,2.0
,0.0
,3.0
,1.0
,1.0
,4.0
,2.0
,2.0
,1.0
,4.0
,2.0
,5.0
,0.0
,0.0
,0.0
,2.0
,0.0
,0.0
,0.0
,0.0
,0.0
,0.0
,4.0
,0.0
,0.0
,0.0
,0.0
,1.0
,5.0
,0.0
,4.0
,0.0
,4.0
,4.0
,3.0
,6.0
,3.0
,0.0
,1.0
,3.0
,0.0
,0.0
,0.0
,1.0
,3.0
,0.0
,2.0
,1.0
,0.0
,1.0
,0.0
,0.0
,0.0
,2.0
,1.0
,2.0
,0.0
,0.0
,0.0
,2.0
,0.0
,0.0
,0.0
,1.0
,1.0
,0.0
,1.0
,0.0
,2.0
,1.0
,0.0
,4.0
,2.0
,3.0
,2.0
,1.0
,1.0
,9.0
,2.0
,1.0
,0.0
,0.0
,89.0
,1.0
,0.0
,1.0
,0.0
,2.0
,1.0
,1.0
,3.0
,10.0
,0.0
,0.0
,0.0
,0.0
,0.0
,2.0
,0.0
,0.0
,2.0
,1.0
,4.0
,2.0
,0.0
,1.0
,0.0
,1.0
,3.0
,1.0
,36.0
,1.0
,1.0
,0.0
,0.0
,0.0
,0.0
,1.0
,19.0
,2.0
,1.0
,0.0
,1.0
,1.0
,3.0
,0.0
,1.0
,0.0
,1.0
,2.0
,0.0
,1.0
,1.0
,1.0
,2.0
,1.0
,1.0
,0.0
,0.0
,0.0
,0.0
,13.0
,0.0
,0.0
,0.0
,0.0
,1.0
,0.0
,1.0
,1.0
,0.0
,2.0
,1.0
,1.0
,0.0
,1.0
,0.0
,1.0
,2.0
,0.0
,1.0
,3.0
,0.0
,1.0
,1.0
,0.0
,0.0
,2.0
,1.0
,0.0
,2.0
,0.0
,0.0
,1.0
,0.0
,1.0
,0.0
,1.0
,0.0
,0.0
,0.0
,0.0
,0.0
,1.0
,0.0
,0.0
,0.0
,1.0
,0.0
,1.0
,1.0
,0.0
,0.0
,1.0
,1.0
,0.0
,0.0
,0.0
,0.0
,2.0
,0.0
,0.0
,0.0
,1.0
,0.0
,43.0
,0.0
,0.0
,1.0
,1.0
,1.0
,0.0
,0.0
,0.0
,1.0
,1.0
,1.0
,1.0
,0.0
,0.0
,1.0
,0.0
,0.0
,330.0
,0.0
,0.0
,0.0
,1.0
,1.0
,1.0
,0.0
,0.0
,0.0
,0.0
,1.0
,0.0
,1.0
,0.0
,0.0
,0.0
,2.0
,0.0
,0.0
,1.0
,0.0
,0.0
,0.0
,0.0
,0.0
,0.0
,0.0
,0.0
,0.0
,0.0
,0.0
,0.0
,0.0
,0.0
,0.0
,0.0
,0.0
,0.0
,0.0
,0.0
,0.0
,0.0
,0.0
,0.0
,0.0
,0.0
,0.0
,0.0
,0.0
,0.0
,0.0
,0.0
,0.0
,0.0
,0.0
,0.0
,0.0
,0.0
,1.0
,0.0
,0.0
,1.0
,0.0
,0.0
,0.0
,0.0
,1.0
,0.0
,0.0
,1.0
,1.0
,0.0
,0.0
,2.0
,0.0
,0.0
,1.0
,0.0
,1.0
,0.0
,1.0
,0.0
,0.0
,4.0
,2.0
,0.0
,1.0
,1.0
,0.0
,0.0
,0.0
,1.0
,0.0
,1.0
,0.0
,1.0
,1.0
,0.0
,0.0
,0.0
,3.0
,1.0
,0.0
,0.0
,0.0
,0.0
,1.0
,1.0
,0.0
,2.0
,0.0
,3.0
,0.0
,2.0
,0.0
,0.0
,0.0
,0.0
,1.0
,4.0
,0.0
,3.0
,0.0
,0.0
,0.0
,0.0
,0.0
,0.0
,0.0
,27.0
,0.0
,0.0
,0.0
,1.0
,84.0
,1.0
,0.0
,0.0
,237.0
,1.0
,1565.0
,125.0
,3.0
,1447.0
,117.0
,1.0
,26.0
,0.0
,1.0
,1.0
,0.0
,27.0
,36.0
,223.0
,0.0
,1.0
,17.0
,1.0
,0.0
,4.0
,909.0
,0.0
,0.0
,0.0
,0.0
,1.0
,1373.0
,1070.0
,3.0
,0.0
,1.0
,0.0
,1.0
,10.0
,2.0
,0.0
,0.0
,0.0
,2.0
,0.0
,1.0
,0.0
,3.0
,2.0
,0.0
,0.0
,1.0
,1111.0
,0.0
,0.0
,471.0
,1.0
,0.0
,0.0
,0.0
,0.0
,742.0
,0.0
,0.0
,0.0
,0.0
,0.0
,0.0
,0.0
,0.0
,0.0
,1.0
,1591.0
,0.0
,0.0
,0.0
,2.0
,0.0
,1.0
,1.0
,0.0
,0.0
,2.0
,0.0
,1.0
,0.0
,0.0
,1.0
,0.0
,7.0
,1.0
,1.0
,2.0
,0.0
,2.0
,0.0
,0.0
,1.0
,0.0
,2.0
,1.0
,0.0
,0.0
,0.0
,0.0
,1.0
,0.0
,1.0
,13.0
,1.0
,0.0
,1.0
,20.0
,0.0
,1.0
,0.0
,5.0
,2.0
,0.0
,18.0
,0.0
,0.0
,18.0
,1.0
,1.0
,0.0
,140.0
,0.0
,0.0
,3.0
,3.0
,105.0
,0.0
,0.0
,133.0
,0.0
,0.0
,1.0
,0.0
,0.0
,0.0
,1.0
,0.0
,0.0
,0.0
,0.0
,0.0
,0.0
,0.0
,0.0
,0.0
,0.0
,2.0
,2.0
,1.0
,0.0
,0.0
,0.0
,1.0
,0.0
,5.0
,0.0
,0.0
,0.0
,0.0
,3.0
,0.0
,0.0
,9.0
,1.0
,0.0
,0.0
,0.0
,1.0
,0.0
,0.0
,0.0
,0.0
,0.0
,0.0
,0.0
,1.0
,0.0
,0.0
,0.0
,0.0
,0.0
,0.0
,0.0
,2.0
,3.0
,0.0
,0.0
,0.0
,0.0
,2.0
,0.0
,0.0
,1.0
,0.0
,0.0
,2.0
,3.0
,0.0
,1.0
,0.0
,0.0
,0.0
,0.0
,0.0
,0.0
,0.0
,0.0
,0.0
,0.0
,0.0
,0.0
,0.0
,2.0
,0.0
,0.0
,0.0
,35.0
,0.0
,0.0
,220.0
,102.0
,0.0
,0.0
,0.0
,111.0
,0.0
,2.0
,0.0
,0.0
,0.0
,2.0
,0.0
,0.0
,6.0
,0.0
,4.0
,0.0
,0.0
,0.0
,0.0
,0.0
,2.0
,0.0
,0.0
,0.0
,49.0
,0.0
,0.0
,0.0
,7.0
,1.0
,0.0
,0.0
,0.0
,0.0
,0.0
,1.0
,0.0
,0.0
,0.0
,0.0
,0.0
,0.0
,0.0
,0.0
,0.0
,0.0
,0.0
,0.0
,0.0
,0.0
,2.0
,1.0
,0.0
,1.0
,0.0
,0.0
,168.0
,5.0
,0.0
,0.0
,0.0
,0.0
,0.0
,3.0
,2.0
,0.0
,1.0
,0.0
,0.0
,0.0
,2.0
,0.0
,11.0
,0.0
,12.0
,0.0
,0.0
,0.0
,0.0
,1.0
,0.0
,644.0
,1.0
,0.0
,0.0
,0.0
,0.0
,1.0
,0.0
,1.0
,122.0
,71.0
,0.0
,0.0
,30.0
,1.0
,0.0
,0.0
,0.0
,4.0
,0.0
,7.0
,0.0
,12.0
,0.0
,0.0
,0.0
,0.0
,0.0
,2.0
,0.0
,0.0
,1.0
,1.0
,0.0
,0.0
,2.0
,0.0
,0.0
,7.0
,1.0
,0.0
,7.0
,5.0
,3.0
,0.0
,0.0
,1.0
,0.0
,0.0
,2.0
,0.0
,2.0
,1.0
,1.0
,0.0
,1.0
,0.0
,1.0
,2.0
,0.0
,0.0
,2.0
,1.0
,1.0
,1.0
,0.0
,4.0
,0.0
,0.0
,0.0
,2.0
,1.0
,0.0
,0.0
,0.0
,1.0
,0.0
,2268.0
,1.0
,0.0
,1.0
,0.0
,0.0
,0.0
,4.0
,0.0
,0.0
,0.0
,74.0
,0.0
,958.0
,110.0
,1.0
,0.0
,0.0
,0.0
,314.0
,488.0
,0.0
,2.0
,0.0
,0.0
,0.0
,0.0
,1.0
,6.0
,0.0
,0.0
,2.0
,1.0
,228.0
,0.0
,0.0
,1.0
,343.0
,0.0
,4166.0
,833.0
,0.0
,0.0
,0.0
,100.0
,1.0
,0.0
,1.0
,0.0
,218.0
,2.0
,1.0
,180.0
,0.0
,2.0
,0.0
,5.0
,0.0
,0.0
,0.0
,0.0
,0.0
,2.0
,72.0
,0.0
,0.0
,0.0
,2.0
,0.0
,4.0
,0.0
,3.0
,0.0
,0.0
,0.0
,0.0
,0.0
,0.0
,0.0
,0.0
,0.0
,0.0
,1.0
,0.0
,0.0
,0.0
,0.0
,0.0
,0.0
,0.0
,0.0
,0.0
,0.0
,0.0
,0.0
,0.0
,0.0
,0.0
,0.0
,0.0
,0.0
,0.0
,0.0
,0.0
,0.0
,0.0
,0.0
,14.0
,1.0
,1.0
,151.0
,755.0
,0.0
,0.0
,0.0
,0.0
,0.0
,0.0
,0.0
,0.0
,0.0
,0.0
,0.0
,34.0
,0.0
,11.0
,5.0
,4.0
,0.0
,1.0
,0.0
,0.0
,1.0
,0.0
,1.0
,0.0
,0.0
,0.0
,0.0
,4.0
,1.0
,0.0
,10.0
,0.0
,0.0
,0.0
,1.0
,0.0
,0.0
,0.0
,0.0
,1.0
,0.0
,0.0
,0.0
,0.0
,0.0
,0.0
,0.0
,0.0
,0.0
,0.0
,0.0
,0.0
,0.0
,0.0
,0.0
,0.0
,0.0
,0.0
,0.0
,0.0
,0.0
,0.0
,0.0
,0.0
,0.0
,0.0
,0.0
,0.0
,0.0
,0.0
,0.0
,0.0
,0.0
,0.0
,0.0
,0.0
,0.0
,0.0
,0.0
,1.0
,0.0
,0.0
,0.0
,0.0
,0.0
,0.0
,0.0
,0.0
,0.0
,0.0
,0.0
,0.0
,0.0
,0.0
,0.0
,0.0
,1.0
,0.0
,0.0
,0.0
,0.0
,0.0
,0.0
,0.0
,0.0
,0.0
,0.0
,0.0
,0.0
,0.0
,0.0
,0.0
,0.0
,0.0
,0.0
,0.0
,0.0
,0.0
,0.0
,0.0
,0.0
,0.0
,0.0
,2.0
,172.0
,1.0
,0.0
,486.0
,0.0
,0.0
,0.0
,130.0
,1.0
,0.0
,1.0
,2.0
,0.0
,0.0
,49.0
,1.0
,2.0
,34.0
,0.0
,0.0
,0.0
,0.0
,0.0
,0.0
,1.0
,0.0
,1.0
,0.0
,0.0
,0.0
,93.0
,6.0
,0.0
,0.0
,0.0
,3.0
,0.0
,0.0
,180.0
,0.0
,0.0
,0.0
,136.0
,4.0
,0.0
,2300.0
,0.0
,1.0
,11.0
,0.0
,0.0
,0.0
,0.0
,3.0
,2.0
,0.0
,0.0
,0.0
,226.0
,3.0
,0.0
,0.0
,0.0
,826.0
,0.0
,0.0
,14.0
,0.0
,0.0
,502.0
,0.0
,164.0
,2.0
,145.0
,1.0
,1.0
,104.0
,0.0
,29.0
,1.0
,57.0
,0.0
,71.0
,0.0
,1.0
,2.0
,253.0
,42.0
,9.0
,0.0
,0.0
,0.0
,0.0
,1.0
,0.0
,1.0
,676.0
,0.0
,1.0
,2.0
,30.0
,0.0
,113.0
,0.0
,0.0
,0.0
,0.0
,0.0
,0.0
,0.0
,1.0
,0.0
,0.0
,0.0
,2.0
,0.0
,82.0
,6.0
,71.0
,32.0
,2.0
,1.0
,1.0
,1.0
,9.0
,1.0
,0.0
,0.0
,20.0
,0.0
,0.0
,2.0
,0.0
,1.0
,0.0
,0.0
,2.0
,0.0
,0.0
,0.0
,0.0
,156.0
,1.0
,0.0
,7.0
,3.0
,2.0
,0.0
,431.0
,2.0
,0.0
,0.0
,0.0
,0.0
,1.0
,0.0
,0.0
,0.0
,0.0
,0.0
,0.0
,0.0
,0.0
,0.0
,0.0
,0.0
,1.0
,1.0
,0.0
,0.0
,0.0
,0.0
,0.0
,0.0
,0.0
,0.0
,0.0
,0.0
,1.0
,0.0
,0.0
,0.0
,0.0
,0.0
,0.0
,1.0
,1.0
,0.0
,0.0
,1.0
,0.0
,0.0
,0.0
,0.0
,0.0
,0.0
,1.0
,0.0
,0.0
,0.0
,2.0
,0.0
,0.0
,0.0
,0.0
,0.0
,0.0
,0.0
,0.0
,0.0
,1.0
,0.0
,0.0
,0.0
,0.0
,0.0
,0.0
,0.0
,0.0
,0.0
,0.0
,0.0
,0.0
,0.0
,0.0
,0.0
,0.0
,0.0
,0.0
,0.0
,0.0
,0.0
,0.0
,0.0
,0.0
,0.0
,0.0
,0.0
,0.0
,0.0
,0.0
,0.0
,0.0
,0.0
,0.0
,0.0
,0.0
,0.0
,0.0
,0.0
,0.0
,0.0
,0.0
,0.0
,0.0
,0.0
,0.0
,0.0
,1.0
,1.0
,0.0
,0.0
,0.0
,0.0
,0.0
,1.0
,0.0
,0.0
,0.0
,0.0
,0.0
,0.0
,0.0
,0.0
,0.0
,0.0
,0.0
,0.0
,0.0
,0.0
,0.0
,0.0
,0.0
,0.0
,0.0
,0.0
,0.0
,0.0
,0.0
,1.0
,0.0
,0.0
,0.0
,0.0
,0.0
,0.0
,0.0
,0.0
,0.0
,0.0
,0.0
,0.0
,3.0
,0.0
,0.0
,0.0
,0.0
,0.0
,0.0
,0.0
,0.0
,0.0
,0.0
,0.0
,0.0
,0.0
,0.0
,0.0
,0.0
,0.0
,0.0
,0.0
,0.0
,0.0
,0.0
,0.0
,0.0
,0.0
,0.0
,0.0
,0.0
,0.0
,1.0
,1.0
,0.0
,1.0
,0.0
,0.0
,0.0
,0.0
,0.0
,0.0
,0.0
,0.0
,0.0
,0.0
,1.0
,0.0
,0.0
,2.0
,0.0
,0.0
,0.0
,0.0
,0.0
,0.0
,1.0
,0.0
,0.0
,0.0
,0.0
,0.0
,0.0
,0.0
,0.0
,0.0
,0.0
,1.0
,0.0
,0.0
,0.0
,0.0
,0.0
,0.0
,0.0
,0.0
,1.0
,0.0
,0.0
,0.0
,0.0
,0.0
,0.0
,0.0
,0.0
,0.0
,0.0
,0.0
,109.0
,0.0
,0.0
,0.0
,0.0
,0.0
,0.0
,0.0
,0.0
,0.0
,0.0
,0.0
,0.0
,0.0
,0.0
,0.0
,0.0
,0.0
,0.0
,0.0
,0.0
,0.0
,0.0
,0.0
,0.0
,0.0
,0.0
,0.0
,0.0
,0.0
,0.0
,0.0
,0.0
,0.0
,0.0
,0.0
,0.0
,0.0
,0.0
,0.0
,0.0
,0.0
,0.0
,0.0
,0.0
,0.0
,0.0
,0.0
,0.0
,0.0
,0.0
,0.0
,0.0
,2.0
,298.0
,0.0
,0.0
,3.0
,0.0
,7.0
,145.0
,1203.0
,0.0
,0.0
,0.0
,7.0
,0.0
,0.0
,7.0
,1.0
,8.0
,71.0
,2.0
,0.0
,1.0
,0.0
,0.0
,1165.0
,8.0
,0.0
,0.0
,0.0
,0.0
,0.0
,0.0
,0.0
,0.0
,0.0
,0.0
,0.0
,0.0
,0.0
,0.0
,0.0
,0.0
,0.0
,0.0
,0.0
,0.0
,0.0
,0.0
,0.0
,0.0
,0.0
,4.0
,0.0
,0.0
,0.0
,0.0
,0.0
,2.0
,0.0
,56.0
,0.0
,23.0
,1.0
,35.0
,2.0
,90.0
,0.0
,0.0
,4.0
,0.0
,0.0
,0.0
,0.0
,0.0
,1.0
,1.0
,17.0
,2.0
,2.0
,1.0
,1.0
,3.0
,0.0
,0.0
,0.0
,0.0
,0.0
,0.0
,0.0
,0.0
,0.0
,3.0
,28.0
,0.0
,0.0
,1.0
,111.0
,0.0
,2.0
,0.0
,0.0
,0.0
,1.0
,0.0
,1.0
,1.0
,3.0
,0.0
,1.0
,0.0
,0.0
,0.0
,0.0
,89.0
,241.0
,3.0
,0.0
,10.0
,0.0
,229.0
,0.0
,232.0
,0.0
,0.0
,1.0
,68.0
,0.0
,6.0
,0.0
,25.0
,0.0
,0.0
,1.0
,1.0
,0.0
,0.0
,0.0
,2.0
,0.0
,2.0
,0.0
,0.0
,1.0
,0.0
,3.0
,0.0
,0.0
,0.0
,0.0
,1.0
,0.0
,1.0
,2.0
,1.0
,0.0
,0.0
,0.0
,0.0
,3.0
,1.0
,2.0
,0.0
,6.0
,1.0
,0.0
,0.0
,0.0
,2.0
,2.0
,0.0
,3.0
,1.0
,4.0
,3.0
,4.0
,2.0
,2.0
,0.0
,1.0
,3.0
,3.0
,2.0
,2.0
,2.0
,0.0
,2.0
,0.0
,0.0
,1.0
,0.0
,2.0
,0.0
,2.0
,0.0
,5.0
,1.0
,1.0
,1.0
,0.0
,0.0
,2.0
,1.0
,0.0
,0.0
,0.0
,2.0
,1.0
,0.0
,4.0
,2.0
,0.0
,2.0
,0.0
,2.0
,0.0
,1.0
,0.0
,1.0
,2.0
,0.0
,0.0
,0.0
,0.0
,0.0
,0.0
,1.0
,2.0
,3.0
,1.0
,1.0
,0.0
,0.0
,1.0
,228.0
,2.0
,2.0
,3.0
,0.0
,5.0
,2.0
,3.0
,1.0
,2.0
,3.0
,0.0
,3.0
,1.0
,3.0
,1.0
,0.0
,0.0
,1.0
,0.0
,0.0
,40.0
,2.0
,2.0
,5.0
,0.0
,0.0
,0.0
,1.0
,2.0
,1.0
,3.0
,0.0
,1.0
,1.0
,0.0
,1.0
,2.0
,1.0
,0.0
,1.0
,1.0
,1.0
,1.0
,2.0
,3.0
,0.0
,0.0
,0.0
,0.0
,0.0
,2.0
,0.0
,2.0
,6.0
,2.0
,1.0
,0.0
,2.0
,0.0
,1.0
,0.0
,1.0
,2.0
,0.0
,0.0
,2.0
,0.0
,2.0
,2.0
,0.0
,1.0
,0.0
,2.0
,0.0
,2.0
,2.0
,2.0
,1.0
,0.0
,2.0
,2.0
,1.0
,2.0
,0.0
,179.0
,2.0
,1.0
,0.0
,1.0
,0.0
,3.0
,0.0
,0.0
,1.0
,1.0
,2.0
,0.0
,1.0
,3.0
,1.0
,2.0
,2.0
,1.0
,2.0
,2.0
,0.0
,1.0
,1.0
,0.0
,0.0
,1.0
,1.0
,1.0
,0.0
,2.0
,0.0
,2.0
,1.0
,2.0
,0.0
,0.0
,0.0
,1.0
,1.0
,0.0
,3.0
,3.0
,1.0
,3.0
,1.0
,1.0
,0.0
,0.0
,0.0
,2.0
,0.0
,1.0
,0.0
,0.0
,0.0
,1.0
,0.0
,0.0
,0.0
,0.0
,0.0
,0.0
,0.0
,1589.0
,0.0
,0.0
,0.0
,18.0
,89.0
,20.0
,0.0
,0.0
,0.0
,129.0
,128.0
,288.0
,0.0
,0.0
,0.0
,0.0
,203.0
,76.0
,0.0
,1.0
,3.0
,0.0
,0.0
,58.0
,0.0
,2.0
,2.0
,0.0
,1.0
,0.0
,0.0
,0.0
,0.0
,0.0
,0.0
,3.0
,0.0
,0.0
,4.0
,1.0
,0.0
,0.0
,0.0
,0.0
,0.0
,59.0
,2.0
,0.0
,56.0
,42.0
,0.0
,0.0
,0.0
,2.0
,0.0
,252.0
,0.0
,0.0
,2.0
,0.0
,0.0
,0.0
,0.0
,0.0
,16.0
,0.0
,0.0
,0.0
,0.0
,0.0
,112.0
,2.0
,87.0
,133.0
,1.0
,0.0
,1.0
,0.0
,1.0
,0.0
,40.0
,83.0
,53.0
,0.0
,0.0
,0.0
,0.0
,0.0
,0.0
,0.0
,12.0
,5.0
,113.0
,0.0
,0.0
,0.0
,0.0
,0.0
,3.0
,9.0
,0.0
,34.0
,0.0
,160.0
,173.0
,13.0
,1.0
,0.0
,0.0
,0.0
,290.0
,0.0
,0.0
,4.0
,1.0
,0.0
,65.0
,0.0
,150.0
,0.0
,1.0
,270.0
,0.0
,59.0
,588.0
,0.0
,0.0
,0.0
,0.0
,0.0
,0.0
,0.0
,0.0
,0.0
,12.0
,1.0
,18.0
,10.0
,0.0
,2.0
,0.0
,44.0
,24.0
,0.0
,0.0
,67.0
,0.0
,3.0
,0.0
,0.0
,0.0
,0.0
,0.0
,0.0
,0.0
,0.0
,0.0
,0.0
,1.0
,0.0
,0.0
,0.0
,0.0
,0.0
,0.0
,0.0
,0.0
,0.0
,0.0
,0.0
,0.0
,0.0
,0.0
,0.0
,1.0
,1.0
,0.0
,0.0
,0.0
,0.0
,0.0
,0.0
,0.0
,0.0
,0.0
,0.0
,0.0
,0.0
,0.0
,0.0
,0.0
,12.0
,0.0
,0.0
,264.0
,1.0
,0.0
,0.0
,0.0
,2.0
,20.0
,1.0
,0.0
,1.0
,0.0
,1.0
,0.0
,0.0
,0.0
,147.0
,0.0
,3.0
,0.0
,1.0
,0.0
,24.0
,0.0
,0.0
,0.0
,3.0
,0.0
,0.0
,0.0
,0.0
,0.0
,68.0
,0.0
,1.0
,0.0
,1.0
,0.0
,0.0
,0.0
,0.0
,4.0
,0.0
,0.0
,149.0
,59.0
,0.0
,0.0
,2.0
,0.0
,0.0
,0.0
,0.0
,23.0
,2.0
,0.0
,0.0
,263.0
,3.0
,0.0
,1.0
,1.0
,3.0
,1.0
,0.0
,0.0
,151.0
,0.0
,0.0
,0.0
,1.0
,96.0
,0.0
,0.0
,0.0
,1.0
,0.0
,0.0
,7.0
,0.0
,0.0
,0.0
,0.0
,467.0
,0.0
,0.0
,0.0
,0.0
,0.0
,0.0
,0.0
,0.0
,0.0
,1.0
,245.0
,0.0
,3.0
,2.0
,7.0
,0.0
,0.0
,0.0
,0.0
,0.0
,0.0
,0.0
,239.0
,2.0
,0.0
,0.0
,1.0
,1.0
,0.0
,0.0
,8.0
,51.0
,0.0
,0.0
,1.0
,3.0
,0.0
,0.0
,1.0
,3.0
,0.0
,0.0
,0.0
,1.0
,0.0
,0.0
,1.0
,0.0
,92.0
,0.0
,0.0
,0.0
,1.0
,156.0
,0.0
,17.0
,0.0
,0.0
,0.0
,22.0
,0.0
,0.0
,5.0
,2.0
,1.0
,12.0
,0.0
,1.0
,0.0
,0.0
,85.0
,0.0
,0.0
,0.0
,0.0
,0.0
,0.0
,0.0
,0.0
,0.0
,0.0
,0.0
,0.0
,0.0
,0.0
,8.0
,3.0
,0.0
,0.0
,0.0
,0.0
,0.0
,0.0
,25.0
,1.0
,0.0
,1.0
,2.0
,0.0
,0.0
,0.0
,0.0
,0.0
,0.0
,0.0
,48.0
,0.0
,0.0
,0.0
,0.0
,0.0
,1.0
,2.0
,0.0
,0.0
,0.0
,0.0
,69.0
,30.0
,0.0
,0.0
,0.0
,1.0
,0.0
,1.0
,1.0
,0.0
,0.0
,129.0
,0.0
,1.0
,0.0
,123.0
,0.0
,0.0
,140.0
,3.0
,0.0
,1.0
,0.0
,1.0
,0.0
,0.0
,3.0
,0.0
,67.0
,0.0
,0.0
,0.0
,0.0
,10.0
,0.0
,601.0
,1.0
,1.0
,44.0
,0.0
,0.0
,0.0
,0.0
,28.0
,0.0
,0.0
,0.0
,0.0
,3.0
,2.0
,29.0
,1.0
,0.0
,1.0
,0.0
,0.0
,0.0
,0.0
,0.0
,0.0
,0.0
,0.0
,0.0
,0.0
,2.0
,0.0
,3.0
,10.0
,0.0
,0.0
,2.0
,0.0
,0.0
,1.0
,6.0
,0.0
,0.0
,2.0
,59.0
,3.0
,37.0
,0.0
,20.0
,26.0
,0.0
,0.0
,0.0
,0.0
,0.0
,0.0
,19.0
,0.0
,0.0
,0.0
,924.0
,0.0
,0.0
,3.0
,1.0
,1.0
,0.0
,0.0
,10.0
,18.0
,0.0
,0.0
,0.0
,0.0
,0.0
,0.0
,0.0
,3.0
,0.0
,4.0
,7.0
,528.0
,44.0
,0.0
,0.0
,0.0
,0.0
,0.0
,377.0
,0.0
,194.0
,102.0
,2.0
,0.0
,0.0
,0.0
,0.0
,1.0
,0.0
,0.0
,0.0
,0.0
,0.0
,0.0
,9.0
,0.0
,1.0
,5.0
,53.0
,23.0
,39.0
,0.0
,0.0
,0.0
,128.0
,1.0
,3.0
,2.0
,36.0
,0.0
,0.0
,0.0
,1.0
,6.0
,0.0
,0.0
,0.0
,71.0
,0.0
,28.0
,1.0
,0.0
,18.0
,0.0
,0.0
,0.0
,0.0
,3.0
,394.0
,0.0
,151.0
,0.0
,37.0
,1.0
,4.0
,0.0
,270.0
,6.0
,34.0
,0.0
,2.0
,15.0
,1.0
,0.0
,8.0
,0.0
,5.0
,2.0
,94.0
,0.0
,2.0
,0.0
,0.0
,0.0
,9.0
,11.0
,4.0
,0.0
,0.0
,0.0
,3.0
,0.0
,6.0
,139.0
,0.0
,0.0
,0.0
,5.0
,0.0
,1.0
,0.0
,0.0
,149.0
,0.0
,0.0
,0.0
,0.0
,1.0
,0.0
,10.0
,0.0
,2.0
,1.0
,0.0
,126.0
,0.0
,0.0
,1.0
,25.0
,0.0
,0.0
,4.0
,2.0
,0.0
,21.0
,0.0
,0.0
,0.0
,0.0
,1.0
,0.0
,0.0
,4.0
,0.0
,0.0
,9.0
,100.0
,0.0
,0.0
,0.0
,0.0
,0.0
,11.0
,20.0
,7.0
,0.0
,0.0
,26.0
,0.0
,0.0
,209.0
,0.0
,0.0
,0.0
,262.0
,0.0
,0.0
,0.0
,0.0
,0.0
,120.0
,0.0
,2.0
,1.0
,0.0
,0.0
,0.0
,42.0
,143.0
,33.0
,0.0
,0.0
,46.0
,0.0
,2.0
,0.0
,52.0
,111.0
,0.0
,3.0
,0.0
,0.0
,0.0
,1.0
,0.0
,0.0
,0.0
,0.0
,0.0
,0.0
,0.0
,0.0
,0.0
,0.0
,0.0
,15.0
,0.0
,0.0
,1.0
,3.0
,1.0
,185.0
,0.0
,0.0
,0.0
,4.0
,0.0
,176.0
,0.0
,12.0
,0.0
,0.0
,18.0
,0.0
,0.0
,0.0
,0.0
,1.0
,0.0
,1.0
,0.0
,49.0
,0.0
,0.0
,0.0
,11.0
,0.0
,0.0
,0.0
,0.0
,0.0
,0.0
,0.0
,1.0
,0.0
,0.0
,4.0
,0.0
,0.0
,2.0
,60.0
,0.0
,0.0
,0.0
,0.0
,2.0
,141.0
,0.0
,0.0
,79.0
,1.0
,102.0
,0.0
,21.0
,0.0
,1.0
,2.0
,1.0
,0.0
,0.0
,0.0
,4.0
,1.0
,46.0
,3.0
,0.0
,0.0
,0.0
,104.0
,0.0
,0.0
,0.0
,0.0
,0.0
,0.0
,0.0
,2.0
,1.0
,0.0
,0.0
,0.0
,18.0
,0.0
,5.0
,0.0
,14.0
,2.0
,0.0
,155.0
,0.0
,0.0
,0.0
,222.0
,1.0
,0.0
,0.0
,0.0
,0.0
,0.0
,49.0
,12.0
,0.0
,0.0
,1.0
,0.0
,0.0
,0.0
,0.0
,5.0
,9.0
,11.0
,0.0
,0.0
,0.0
,0.0
,4.0
,3.0
,5.0
,5.0
,0.0
,3.0
,0.0
,0.0
,17.0
,1.0
,25.0
,0.0
,0.0
,0.0
,2.0
,38.0
,0.0
,2.0
,0.0
,0.0
,0.0
,0.0
,0.0
,0.0
,1.0
,0.0
,0.0
,2.0
,1.0
,0.0
,5.0
,2.0
,50.0
,0.0
,0.0
,0.0
,0.0
,0.0
,101.0
,114.0
,0.0
,0.0
,0.0
,0.0
,0.0
,0.0
,5.0
,257.0
,0.0
,0.0
,0.0
,0.0
,0.0
,0.0
,34.0
,0.0
,2.0
,0.0
,0.0
,0.0
,0.0
,56.0
,0.0
,1.0
,0.0
,2.0
,17.0
,416.0
,0.0
,0.0
,0.0
,89.0
,0.0
,3.0
,0.0
,0.0
,1.0
,7.0
,1.0
,0.0
,0.0
,0.0
,0.0
,0.0
,0.0
,0.0
,0.0
,1.0
,0.0
,212.0
,0.0
,0.0
,0.0
,1.0
,9.0
,0.0
,15.0
,16.0
,0.0
,0.0
,0.0
,125.0
,1.0
,0.0
,0.0
,1.0
,0.0
,0.0
,0.0
,0.0
,1.0
,1.0
,1.0
,0.0
,30.0
,0.0
,252.0
,0.0
,10.0
,0.0
,544.0
,0.0
,0.0
,0.0
,0.0
,0.0
,12.0
,11.0
,1.0
,0.0
,0.0
,99.0
,0.0
,37.0
,0.0
,0.0
,0.0
,48.0
,3.0
,1.0
,1.0
,0.0
,0.0
,2.0
,0.0
,0.0
,0.0
,1.0
,0.0
,3.0
,34.0
,0.0
,0.0
,0.0
,81.0
,274.0
,0.0
,0.0
,0.0
,0.0
,0.0
,0.0
,13.0
,0.0
,0.0
,0.0
,0.0
,0.0
,0.0
,2.0
,1.0
,0.0
,0.0
,7.0
,1.0
,0.0
,0.0
,4.0
,0.0
,0.0
,2.0
,0.0
,4.0
,0.0
,0.0
,0.0
,2.0
,0.0
,0.0
,0.0
,1.0
,0.0
,0.0
,0.0
,0.0
,0.0
,0.0
,0.0
,0.0
,0.0
,1.0
,5.0
,0.0
,0.0
,0.0
,2.0
,1.0
,1.0
,0.0
,3.0
,3.0
,2.0
,2.0
,1.0
,41.0
,0.0
,0.0
,1.0
,0.0
,0.0
,0.0
,0.0
,1.0
,0.0
,0.0
,68.0
,0.0
,1.0
,0.0
,0.0
,0.0
,0.0
,0.0
,0.0
,1.0
,0.0
,0.0
,2.0
,3.0
,0.0
,0.0
,1.0
,4.0
,0.0
,0.0
,1.0
,0.0
,1.0
,108.0
,1.0
,0.0
,15.0
,77.0
,0.0
,13.0
,0.0
,131.0
,0.0
,0.0
,0.0
,0.0
,12.0
,1.0
,10.0
,0.0
,4.0
,0.0
,3.0
,0.0
,0.0
,0.0
,123.0
,1.0
,0.0
,9.0
,98.0
,162.0
,0.0
,17.0
,0.0
,1.0
,2.0
,0.0
,0.0
,0.0
,47.0
,12.0
,179.0
,38.0
,0.0
,1.0
,3.0
,0.0
,31.0
,1.0
,0.0
,50.0
,1.0
,0.0
,0.0
,0.0
,1.0
,1.0
,0.0
,0.0
