username,0
,Trio Bagus
,Dicky Gustiatama (Tama)
,Bonifacius Dian Purba
,Tanpa nama
,Nadia Kurota A'yuni
,Masnur Zhahra
,melinda angelin
,gums.
,MariaFransiska Bujak
,stephanie
,Mukhlis 159
,Retnaning Heryuanti
,SULISTIA NINGSIH ARIEF
,Glowing Beauty shop
,Rifal Febrian
,Bella Nurdiana
,Dayang Tya
,Bimo Putra
,Iznilla Hestovani
,Rezky putuhena
,miku hana
,Ashadi Noor
,Nonik Susan
,Dian maesaroh
,Ira Rasmanawati
,Kay
,Fitri
,rondi firnando
,Adrian Ramadhanu
,Maximus Bha
,dinarBalqis
,Shelvilla Dnk
,Feti Astuti
,thio mario
,Mahardika Yudistira
,Ibnu Rusdi
,andreas marco
,Rifki Wibowo
,Jorisman
,Eka Widya KusumaNingrum
,kusharyanto yanto
,Veny Julita
,Mentari senja
,Martha Liem
,Muhamad Afianto
,Mey Linna
,Puspa
,Ntha Febri
,ika BM
,Lulu' Syafaq Afifah
,madnur ali
,safinatun najah
,JUNO RFM
,Dewi Beauty Channel
,teguh San
,Yek Siang
,Unsiatul Aisyah
,Arnita 30
,Nur Yanah
,elih dalilah
,Nanang Usman
,Rivankha Adilla
,YAMY “yamychannel” Channel
,A. Selma Maghfiratul Zahra
,aditia evianto
,Rizal Abrisam
,Kaman Danu
,Yulina Munthe
,ANDRI AKBARRUDIN
,Ainun J. Rosiandini
,Isnaini Fadilah
,Eko Doankk
,Ipan Raiman
,Panser Biru
,heni purwanti
,Elang Angkasa
,Avininda Pramasita Damayanti
,Senidjo Sangiang
,Dessy Reva
,Rivan Ramadhan
,Stiadi Dendi
,Rafid Fernando
,Muhammad Hamizan
,Ervin Luciana
,Deedee Widia
,Simat Net (simat)
,uthe channel
,Widya Sena Pradhana
,Beryl B. C
,Kang
,Aisy_ Ghani
,aisyah farah
,Chacha F
,puja Maharani
,Niddo Triawan
,Shintadevi Permatasari
,Siti Nurjanah
,Yoga
,Imellda Asmarini
,Yuliana TheQueen
,NUR AINI
,Rara Hanna
,fian ferdiansyah
,Ajieryn Bloger
,Elios studio
,rudi ardiano
,Ica Fajarani
,Seriani Lynnn
,R Seftia
,Akhmad Dani Awaludin
,Vn Bos
,Zoe Bidem
,yery mainaky
,Lutfiah sari gumelar
,sagung ratu
,Ruddy Ismail
,Aditia Prasetio
,Hefa Channel
,Aidah A
,Dewi Sulistya
,Amel Lia
,fransis scr
,Dee
,Mico sapta wr
,Shai神里
,Dewi N Tadzakaroh
,Kresna Pandu
,Dhea Pink
,Deni Fandwinata
,wiwik wijayanti
,muhammad arfandi
,Ina Karlina
,RAMEN KING
,Siti Safuroh
,Shan
,mr eleven
,23_Maria Vianney Indriyani Widyawiyati
,elsiana eli
,Lindawati Anugrah
,CADLER
,rado gaol
,Franky Papuanese
,LinLin Pml
,Azath
,Aden Fatihmura
,Yeyen Sintya
,Ungi Army
,Nur najwa
,riris ristiani
,Bayu Pangestu
,Elisa Lulu
,Ade Herman
,Faqihuddin Assilmi S
,eitna 20b
,Acro Sunarso
,Okta D.
,Nardi blangkon
,Tika Yanti
,Ririz arif
,andi Manggasali
,Ade Nino
,Umii
,Tyas Rica
,Riris Riskiyana
,raffasya Riana Ardiansyah
,Barber Shop
,Ahmad Hrs
,Via Kyut
,Deborah Eden
,Hamidatul Qowi
,Budi Darmawan
,Potret Budgie
,Raisa Hafidza
,Adjie Malik Fadjar
,Langit Awanda
,Elvina Miranti
,Toni Liungan
,Manuel Gilang
,faiz maula rizqi
,aziz Nashrul
,Haryanto anto
,Ernawati Abynha
,Embun Aryatama
,Achmad Syarifuddin
,Wahyu Widodo
,Hana Azzahra Usbah
,Raditio Pratama Surbakti
,Akhmad Majazi
,sabina ina94
,Ramadhan abdul Azis
,Nuryani
,Ruth Listiarosa
,Vio Vi
,Muhamad Afrizal
,Suparman
,Su gito
,Neng nongnong
,taufik hidayat
,Febri Nurhasanah
,Aaliyah Shiddique
,Ris Nandar
,Bilqis Cis
,Mega Ayu
,Fitri Yanti
,Zulfaaa Rahma
,Apriyani Supraba
,Seviara Ara
,Fitri sartika Hutagaol
,Nabila Dhekanti
,Lissa Pitna
,Siti Rahmawati
,rumpoko hadi
,Riki Wahyudi
,Dita Adhelia
,Novelia Ramenda
,Admiral Tarung
,Ariduan Agusviayo
,Fitriadi Noor
,Septirizkihandayani Septi
,sixty nine
,Ricky dimas
,vandea rizky ravena
,Saraswati Puspita
,HONG
,Nabila Nurlaili
,sri nirmala
,Manusia
,Tengku joevan Niazril
,Sukarsan Sukarsan
,Dani Setiawan
,Nyitzz Nyitzz
,Jack Roby
,Eva Novita Sari
,Mukiana
,Shella Maharany
,acep jamaluddin anshory
,Kaleng kaleng chanel
,Danys Gustino
,aji jibon arianto
,Fathahurahman
,Fahrizal Bimantara
,Ahmad Toyib
,MfieldMioMel M3
,9E RATRIAWATI Erika
,Awang Awangangsana
,Saor Nababan
,16_Alvin Zacky
,Mahija Parama Ascarya Supala
,mams jawara
,hr nanaa
,Rosyida Qodriana
,ANANTASARI
,Babah Ipin
,Yudha neo
,ikashop04 ika
,Pungkosoro Margiono
,Pomboss
,Habib Abdullah
,Nainggolan Nainggolan
,Dilla Bilqis
,Rahmi Sofyan
,Vanti Yusuf
,Nopiadi
,TALI RUMPON
,robbi aripin
,seno brahmantyo
,munir 02
,Rahmatul Aliv
,Didit Rohmanudin Rustania
,Maulana Wirayudha
,Fikri Maulana
,Siti Norridzati
,Fam Natan
,Dalvin Rahmadiana
,Sapu Jagad
,Hani Lestari
,Briawan Yudanto
,David Areros
,Ahsan Rahmansyah
,Firmansyah Hamdin
,Juniver
,Emma Sofia
,Alma Syakirah
,Udi Yanto
,Mycom Youtube gamers
,zacky jho
,Kurnia Elvan
,Ananda Bella Nadhya Sofyan
,Asep Mujahid 38
,Murni Purity
,Amalia Khaerani
,Amy Kozan
,Sela Wati
,Devita Rosdiana
,Maulana Sidik
,KAKA CMC
,Kartika Dewi
,ABDUL MALIK
,Boike Tasriyollan
,Zaki Hasan
,Azzam Zain
,Raja Gultom
,Fadhil Syakur
,ade firmansyah
,Asmui SKM
,Eka SunsetHill
,Gd Darma
,Rdrza A Putra
,Stephen Suwanto
,Nickolas Lambey
,Tesa Oktafiani
,Fitria Kabakoran
,Lisa Lisa
,Muhammad Daud Ar raupiq
,Ebed Boling
,Fitri Anisa
,Pengguna Google
,Thomas lim
,Abimanyu Landung Dwi Putra
,Rizal Ferdyansyah1010
,Ismuddin Darsa
,Jona Pgk
,Fatur Falhikam
,Ida Ida
,Claudia Lun
,Muhammad Azlansyah
,Yohanes Sukendar
,Jajang Suhe
,Gamar Pratama
,susanti tirtaatmadja
,Fakhri Ilham
,Hurin In
,Yana Himura46
,Bachtiar Kuddus
,06aluh
,ovi
,Joe Patie Ruwetz
,Shadow Side
,Meli Elfina
,Septi anggraini
,Wahyudi srw
,nor ainah
,Pucu Lolo
,Ahmad Zakaria
,Ahmad Rosikin
,Coach Rahmayani
,Wulan Rindryani (Wulan)
,Yonie Andonowaty
,Putri Fitria Rahayu
,riana anggre
,Marda Khusnul Khotimah
,Yoga 221188
,kia azkia
,its me
,Kok Kok petok
,Josua sihartama Josua
,Ema Nurasria
,Indanaa Zulfaa
,Desy Tria Arini
,Natalia Angelina Destyaningrum
,Ridwan Arifin
,Yuni Lestari
,Tinah Ngatinah
,Toto Parabak
,Theresia Liana
,maryata tenda
,INISIAL D
,Lili 078
,Fitri Ariyanti
,Dhita Prameswari
,aman aman
,Atika Nurjanah20
,Citra Aprilia
,S Hakim
,Pitri Sapitri
,Gibran Raffa
,Muhammad Rizqi
,Cici Rahma
,Janessa Meliani
,Frisa Isna K
,Yemima Grace Lin
,Gerry Syalala
,Andhi Puspaningtyas
,Siti Salamah (Sila)
,Bilal Nugraha
,Capten Ipunk
,Mey Wu
,rulita tri wahyuni
,Rafli Alghifari
,melisa hartanto
,abdul rosyid
,Faeyza Alya
,te ke
,Angelia Khaterin
,Naisyah Nur hardianti
,Sujin Flow
,Fatma Saputri
,Mustika Rani
,Tri Herlina
,SHOFIA FEBRIANTI
,Noviyanti Hasibuan
,Dini Amalia
,Ika Enjellika
,Aris Purwandi
,Wahyu Ismubadi
,iin Arum Sari
,theresia angeli
,Indra Saputra
,NurFadiLah
,Adi Saputra
,rina erawati
,Damar Yudha
,Yuni Sulesti
,Nendy Anisya
,Indri Astria
,Chasbi _531
,Salsa Nendis Nurhaliza
,Siti Nur Shoimah
,Abdillah Farchi
,dina el
,Andrianto Ng
,Muhammad Febrian Pandu
,Nihaowma Nii
,Luluk Murnisari
,Ermihizzah Rifami
,Bagus Pras
,anissa fadhilla
,Ilham Ahmad fauzan
,paw paw
,Nadia Amalia
,Lili Jumtili
,yoyok priyono
,Mandiri abis
,Gugum Gumilar
,Adi Gewell
,Andi Intan
,novdha prahanarta
,Dadan Hamdani
,Dewi Kuuu
,Tasya Afifah
,Park Hee Yeon
,Berliana Juniscahyanti
,Ismi Fau
,Yuli Ajah
,Shiro Neko
,Dicky Pangestu
,Aldi123 Bray
,Nurul Amin
,Magi Liviana
,Rohma Sayyidatina
,Dimas indra prasetya
,Devi
,Angga Zakaria
,Els Symq
,Aliyah Fam
,Faizal Rachman
,Abdul Aziz Muslim
,Rubinah
,Achmad Funaru
,Intan Novitasari
,Winky Aprizal
,RYAN NOVAN
,Cah Ndeso
,Acep Suryadi
,Madame Ly
,MUHAMAD WAHYUDINULLOH
,Ahmad Safei
,P K
,Lusiana Siboro
,Agus Priyanto
,Auria fitri
,Muhammad Hudan Afriansyah
,Xl IPS 3 Syahhbina aqiilah
,E.m.P chanel (Eko mang)
,Muhamad Shamir Pratama
,Veronika Yohana
,Ayu Nadpur
,Ummu Cleva
,Aprilian Putri Kyuhyun
,Moh Fahd
,Apa Aja
,Immanuela Smngklt
,Alvin Joeyolo (Daregikonkus)
,Syamsir Alamsyah
,Rusman Rusman
,Oizh Jancok
,Findo Pratama
,Erin Jeriko
,Adolf Charlie
,Yulita Anissa
,m agus firmansah
,kamal Agmal
,Nanang Riskon
,zahirah colection
,Mas Reza
,Ransia Indah
,24_M. Mufthi Hasan Ar Rifki
,Akmaludin Karim
,Oka Ari priyanto
,Richo Septi Anggiantoro
,Rahim
,Bella leztarii
,Dewi Sri
,siti haslukah
,Ni Ni
,Hery singal
,Aida Maulidyah
,Putra Candra Situmorang
,Dini Kuserawati
,ahmad yany
,Layanan 24 jam
,is yud
,Khalid Said
,Guntur Irawan
,Taofiqurrohman
,Nadzir Mohammad
,Duyung Dayani
,Ricky Tan
,PPKM Channel
,Susilawati
,David Setya
,Syarifal Qadri
,Johny Similikiti
,eko sudarsono
,annisa tsukiyomi
,Calon Jenazah
,bella salpiyana
,Faizal Agustiyan
,Naegiri Em
,Nalita Vian
,angelina julie
,Adrian Maxton
,Dianyra Ratu
,Bayu Setiaji
,Ayu Putri
,haret bima
,Vinny Utomo
,Frida Sahertian
,Kirei Sani Sanggita Putri
,novia nora
,Akbar Muhammad
,Derik
,Indahnrazyzah03
,Satorian syah putro sadi
,Bambang Sriyanto
,lidya Narciana
,Ricky Romio
,Berlian Hardiyanti
,anyar maning
,Putu Lingga
,Muhammad Romy
,Yenny Zacchary
,Zulfikar Sukses
,Darwin Kamto
,Eko Wahyu
,Marden Damanik
,Kaylia
,Syarifah Zubaidah
,Michael Louis
,Susi Yanti
,Jeishi Dethan
,suciati kaputri
,Theresia Arnoldyah
,Muhammad Fajri
,Ni made shinta Hardiyanti bendese mas
,Abdullah Zubair
,feronica hasugian
,andi 82
,musripah musripah
,Saputri Rina
,Citra Aldira
,Dewi Ivander
,Nalom Marbun
,Randi Pebrian Putra
,lif r
,Iin Siti Fatma96
,Hilal Rio
,Mahdi Mahdi
,Syarifa Arum K.
,Dody Maulana
,37_Putu Diah Artika Y
,Sabiyan Arafi
,Ekos Eko
,Jefry Derek
,Vevi agda
,Resti Rerestiani
,Mr Cupu
,Shifa Fauziah
,Muzri Hingi
,Maulana Adi
,Rosa Wijayantis
,aisyah yasmin2208
,Silvia Rahmi
,Devi Mardiyanti
,Ngainul Yakin
,Mitta Sarheld
,Diah Tammia
,Jamilatun Nadia
,opank tuner
,Jaenudin Yusuf
,Mixster Rizal
,Akhmad suryo
,mindy keyko
,Resti Aisyah
,haryanto hadi
,Elias Burdam
,Asih Kami
,Daeng Donay
,just inf
,Yunus Bahran Nufail_30
,Salsa Olivia
,ting charles
,ILayka Channel
,Novaldy Setiawan putra
,Sanny Sidi
,Anggita Dwi Ananta
,puspasari ratna
,Sartje dethan
,Yulia Siti
,Tunggul Wulu
,Indra Pasya
,Theresia Eka Oktaviyanti
,Syaiful Akbar Didik Asmara
,Willy Marfin
,Dede Meri
,Leviathan_04
,Mamih Indrii
,Esty Hayyustiara
,Fikri lana
,Saskia Gunawan
,SUPARIYANTO YANTO
,Lidia Lidia
,Cusy Syivan
,duahdyt
,Singgi Pratama
,Ayu Lestari
,Lunar Oktania
,Ini Suka
,Ahmad Gunawan
,Sakha Hanun nayra
,Alivya Althafa
,mimi oppof5
,Alfiqih Taufiq
,Lisna Olivia
,Eggi Aes
,DhaMaMy Kids
,Jastis Gaho
,Habibie Lubis
,Linda Bohay
,Is Kamdi
,Pengguna Google
,Tiffani
,Falah Andika
,Miswan Miswan
,Yopie Indah
,bilkis nafisa
,Bagus Santoso
,Vitta Candra
,Nikenti Rodiana
,Ratna Gumala
,Senia Salon
,Kevin Tanjaya
,Andi oktavianto
,Rafif Affandi
,Bagas Ganteng
,Indo Tuber
,Anita Nurfaiz
,Azka Ainun
,Ismail Choir
,Indri Ayat
,huda asif
,Hasan Untad
,Resty Nurul
,rio GF'41
,Marju Wanto
,Fajar Hidayat
,Fatimah Rahmi
,Fantastic Farhan
,Tetra TA
,Dewa Wisnu
,Ken Aryo
,Saad Abdul
,Misuki Watanabe
,Muhammad Rizal S.A
,Syaifullah
,Sunnier12
,Muclis Blitar
,Bagus Surya Saputra
,jestina lydia
,Ricky Ivan Andianto
,Agni Ashura
,Abdi Cool
,yoga oktavian Nugraha
,Wahyudiono
,USWATUN NOR HASANAH
,Trio Abdillah
,Anisa Imaniar
,Siti Awaliyatul Masyhuroh
,Muhammad Bahrul 'Ulum
,Agil Pamungkas
,Nosapaws cat mania
,Nursi Mani
,verooo payjames
,Matsanih M
,fathatus syarifah
,Indah Pradnyani
,Aini Huang
,Gede Agung Gandes
,hello kitty
,Nazwa Isnaini
,Bayu
,Dian Bayu
,Syahrul Amin
,Eva Virnia
,Erizal
,Wiendha silamantha
,Sabrina Khalid
,bit sil
,Darma Maji
,Hp Office
,Huibert umboh
,Nurul Ds
,Fitri Andayani
,Andra 03
,Puput Rahmawati
,Dina Sehani
,Win Agustin
,Rakay Bae
,joepran 045
,Debby Selviana
,Sartikasari Treni
,putrivelmi miranda
,Agamers99
,sabako putra
,Prima ID
,Nou
,Mr Dany
,Dimas Mahardika
,sofwan yana
,Silver Queen
,Ika Novita Sari
,Hengtono Hengtono
,Darmawan B
,ardi kurniawan
,lildhahab 'iilaa al'ard almuqadasa
,Gobed Natadiredja
,Jeffrey Star
,Herlina Arfiyanti
,Pistachio
,novi yanuar
,Bimo Bada
,nur hikmah yulianti
,Azry Bokiz
,Ara Redvelved
,Patricia Rissa
,Rini RISMAWATI
,Wakhid Sidiq
,Andreas Maryo
,Sekar
,Lukman Al fakir
,isnani suci atp
,Maria Puspa Damayanti
,Vera
,Saribanon Lilis
,rama sauza
,Sanny Manalu
,Linda Susanti
,winkle
,SeptiHandini Putri
,Dhita Aghista
,taci taci
,DANI IMAM SUJUDI
,FAA FFF
,Aghnan “Aghnanisme” Pramudihasan
,Agus Salim
,wulan gracia
,Rangga Saputra
,Dinda Putri
,Gede Kurniawan
,El Ahlifa
,nisa
,saiful afrirudin
,Troissix Makassar
,Dinda Ayu Ramadhani
,Amalia Awanis
,M Dzaki Zimbbran
,Haris Firmansyah
,Doni Irawan
,dyani alifya
,Vanda Vanda
,farhan chairahman
,Chamars 2000
,Niaindah Sari
,Jhon Pantiak
,Kayla Azahra
,Rifqa Khairunnisa Putri
,Maxi Teja
,Tino A
,Ilyas Yusuf
,Ubaida Assalwa
,Bagas Wenang Mayhendra
,Ellysyah Chen
,Nunki Dyah
,Luky Putri
,Yuniman Nazara
,El Ginting
,Cikal Kinaryaning Pangesti
,Kevin Dwi ramadhan
,Ryuu
,Polindo Andreas Sembiring
,Pengguna Google
,nita veronica
,Via
,Feliana Oktavia
,Eka Thariie
,Agil Musthofa
,Wendy
,Raffy Uno
,supri hantini
,Setyowati Baru
,Febry Pratama
,Marsya Ashalina
,Nyai Anjarang
,Charin dewi
,hersony dwi adelio
,Halimah Comel1990
,Rotim
,Mrzky Triangga
,Husnul Hertanti
,Handi Wilianto
,MIKHAEL HANA
,Desi Ratna Nela
,Devi Oktavia
,Hyda Mu
,Umi Syafaatus Sholihah
,Rokhim Ma'ruf
,Neng Srie
,Joni Agung 1922
,Febrian Purwadi
,Baldwin Thesman
,feechan
,Hamba Allah
,Anitah Nitah
,Gia Nadia
,Renal Jylo
,sonny raharjagunawan
,Hery Susanto
,Bg. DEDI
,Rudy Lie
,Dapur Mak Nur
,Yani Sri Mulyani
,Nur Rahmadi
,Suji
,Bimo Alwan Sudepta
,nymsukariana 86
,andre a
,KeyJune Kim
,Vayentin Yio
,NUR UMNIYATUZ ZAKIYAH
,Sasa Sakila
,Victor Usabeny
,Yudha Hera
,Indah Fitriati
,Muslim Azmi
,Resi Suciati
,Nur Nisa
,Siti Fatimah Nasution
,Mr Kaiz
,Danang Mustofa
,Ren Sans
,Wayan Weka
,Riswanto 08
,dedi hadisurya
,Melany Silvia
,szjyyj
,Shinta AprilMurni
,Hen Tenga
,EndangK841
,Dewi Ayu
,the Doflaminggo
,Mulya di
,Gipra
,Neneng Farida
,Ilyas Yasir
,Defi RE
,sanny diana
,Otto Baskoro
,SISKA LIAN
,winda ginting
,Riki Hamdani
,Fitria Haftari
,Amallia Lestari
,Yj Saka
,Icha Risa
,Nova Dwisaputra
,Tiara Darmawanti
,Fitri Ummu NaYuMuh
,Riny Hapsari Hadju
,Ina Yuliana
,Anty Fahry
,Mucharom Nursujatmika
,mahyudin nst
,syair voice
,Ibnu Aziz
,Aji Priyatno
,Mupti Arry
,Yorie Pramudya
,Nadia Shafiqa Naila
,Eby Hery
,Istiqomah
,Maulana Dzul Arsy
,Pengguna Google
,Wahyu Bintari Psikolog
,Bellvania Cintakirana Hastara
,Rahma Hakim
,yayan kardian
,Indra Kurnia Sandy (Horosco)
,Audy Trifena
,Sahat Simbolon
,Ahmad Arifin
,Riski Munawaroh
,Wendaa A.S
,Agnes Pricillia
,Edward jeremy 12
,Yoga Mawardi
,Callysta Grimonia saputro
,Dhimas Wisnu
,Dady Bae Deuh
,Barcelona Malakiano
,Bima Satria
,galih nugroho
,Saepudin King
,Yusika Hartati
,Nana Tarsana
,Syahrul Arif Prastya
,RBK Nuub
,Zurenza Family
,Eko Yuniarso
,Devara Kandi
,suryanto sueb
,Arry Lah nie
,Lulu Harahap
,SUKA MAKAN
,Kevin Leonard
,Risky Kurniawan
,Agus Sunarko
,ANANTASARI
,NOBLESSE AL
,Ahmad Fahrudin
,Helcurxe sxark
,Setio adi
,Darmaning Haryanto
,Nesa Putri N
,Mochyasim Habibi
,jayanti mutia dewi
,Moh Romliyanto
,vina yuli
,Varil Putra
,Yusi
,Agus Saputra
,Jamal Mello
,Aisa Rosyidah
,Faisal 1998
,Okyb Mahendra
,Jenitra Tirta Mayasari
,Galih Setyawan
,CeritaHawa di jawa
,Data Penting
,Rahmat Rauf
,bhe gunk BUDGET CHANNEL
,Gede Citrang
,Shinta Yuliani
,Rudi Strings
,vela yuniar
,Tri Hartanto
,Ade Wisnu
,Har Moko
,Yudda Bakti
,Nita Koto
,FA'ALA YAF'ULU
,Pebria Wita
,Nisa W
,yahdi mahyudin
,Farida Aini
,DT Channel PWT
,CLIFF
,antonius juari
,Afif Ferbiansyah
,Rohaeni Wawan
,Aimmatul Mufarrichah
,Anwar Komarudin
,Kholisatun Nafiah
,Roni Ruslan
,Eto Riswardiyanto
,IndraVanz Tama
,Adi Cipto Kusumo
,Suprih Atin
,Jum Antok
,iska bere
,widia ningsih
,Ngirfan Kharis
,Ariestha Vikaa
,Arya Fadhillah
,Sherren Felicia
,Anit Neng
,icha jhahah
,Muhammad Bachri
,Syahlal Naisya
,em- je
,Nawa Lova
,Putri Ken's
,Daviq Pratama
,andriyanto instrument
,Paulina
,Shawn maruli XD
,Kasmira Mira
,Windi Hafizh Alfiansyah
,Indah Herawati
,Yuli Liyan
,akbar nursalam
,Maemunah
,Ahmad Ade
,Sultan Cappucino
,Widiah Widiah
,arga wirawan
,Eliza
,Saimin Saimin
,Verryguvcjig Vernando
,ngawulo gusti
,Redda Illahi
,Mash Agoenk Boedhi
,Andri Setiadi
,Leni Watini
,Laili Faizah
,Nur aziah
,Sunset Zero
,Liberoguard
,Nazaliyah Rahman
,Ayu Pulest
,Firman_JL
,Daffa Faiq
,Mahmudah githa
,Romi Putra
,Andriani 1959
,Itarahayulatief Banuari
,sella sembiring
,Vansio Kuha
,Sofiah Inayah
,Rafly Putra
,Franz Ananto
,YUNI ATI
,Ahmad Rifai
,rahmat khair achmad
,Bapak Wawan 2017
,Aris Diyanto 03
,Eko sisworo
,Yopphy Nuhgroho
,Nadi Sunadi
,yuliana ninik
,MPI Training
,Uchay thea
,Indah Mutia
,muhammad Agfi
,Dicky Zakaria_2018
,ignoritaL
,Pow Rorow
,hanafi napol
,Max 3500W
,Yasfin Noviana
,Arian Rizal
,Jannita Permata Syahrina
,Iwan Bocor
,Muhamad Yusuf Zulkarnain
,muhammad syaiful anam
,Laras Ayas
,Toko Online Trisejahtera (By SUSILIAWATI)
,rizki Mishary
,Kurnia Sitepu
,Lativa Hartiningtyas
,Lenni eka Fireiani
,Faris Rasyid
,ardigrab 77
,Ra Mot
,F&F “F&F”
,keisya alifia
,Andrye ?andrye
,Paiyo Ok
,Herman Liu
,Ita Ayy
,Jeff Smith
,Aisyah Sony
,Meo Farm3
,Ulfa Andini Dian. P
,LALA JAWA
,EPM11 CHANNEL
,im punk
,Rayhan Pratama
,Dedin Muhidin
,Kang Matha
,Lena Nopiyanti
,Sumar Sunshine
,Wachid Nugroho
,Sasha Cendani
,sunu ardja
,Rena Nurul
,Fauzan Fauzan
,Aulia s.w.
,Carelly Taniya
,Imas Mareti
,merko akok
,Jeckly JY Tumangken
,Woen Felicia Nezha
,Ir. Amad Doni SH. MH
,Evi Damayanti
,winny william93
,Toto Ari
,love u
,Hadisucipto Sucipto
,Haji Yayat
,Fitroh Cahaya Ningrum
,Cindy Claudia Meysintha
,Ahmad Vino Maulana
,Labmilk Kepolorejo
,Andika Cahyo
,antony Lie
,junaidi made
,Komenk Mendoan 165
,Didah Maulidiyah
,Siti Nuryani Kasanah
,Jahja Januar
,MUHAMMAD SOLEH
,astri w
,Xiaohenxio Buxiutoxioaot
,Haris Sandi
,Muhammad Khoirul azmi Azmi
,kikuy kikuy
,Tong Luhlah
,Jamer Erix Exstrada
,Ni Luh Enawati
,Iwan Ridwan
,Trio Kartika
,Dugleg Jaya
,Yan Mi
,Mas Zainuri
,Henry Silalahi
,Martani Setiadi
,Desy Ferawaty
,Ahmad Fuadi
,Inkafatika Sari
,Servasius Hendry
,Grady
,fdlmwdlm lmlemeldm
,Monox Monix
,Mas Basuki Sutanto
,Dina Khristina
,Bang Adhine
,Elda Faedah
,Ujenk Soyu
,Jeyhan Krisna Wahyuda Velasco
,Nani Nuraeni
,Randi Setiawan
,Farid Isworo
,Aditya Indrajaya
,Bagus Prasetyo
,Kano Stevano88902
,Ramayanti Bule
,Nita____ ____
,Fadhlan R
,Dimas Ari Nugroho
,Sri Purwati
,Rika Melani
,Dini Anggraeni
,RNV - Core
,Agus 378
,Jae Jaenudin
,Shofi Auliyah
,raviv chacha
,Ali SkyHawk
,audrey vanjackhermman
,Rizal Fahmi
,Arif Sudirso
,Mailani Mailani
,sofyan bahari
,Anita Rahayu
,Cindy
,Beniardi Soegiharto
,fera esti dwijayanti
,Devy Tanjung
,Dessy Mardianti
,Bagus Nor Rohman
,asep yudhie
,Neng Halimah
,Fitri Sya
,Anang Saputra
,Fanny Nursetiawan Rasfuji
,susi lawati
,Ayub Deval
,yutika pratiwi
,Erman Nursandi
,ravindra abdi prahaswara
,Galih Condro
,arsya harmanto
,Fajar Kiyantara
,Arief Suseno
,Dede Akhmero
,Zaella Septiara Putri
,Sana Supriyadi
,Ahmad Saerozi
,Siti Sarah Annisa
,Muhammad Nabil Adcha
,Sur Adi
,Oyyeroz30
,dewi rahayu
,par tie
,Siti Maesaroh
,Sunsaid George Harj
,Anas Anarsas
,Sam Uel
,Ytube BANGGIW
,Kristin Liaw
,Himawan Sanjaya
,ZAENAL ARIFIN
,David Dearman silalahi
,Neneng Inayah
,Zaitun Habib
,Yudi Prabowo
,Muhammad Alwi
,Pintu Sorga
,Awhia Gallery
,rino aldino
,D Sains
,Ayu Ningsih
,Raisa Ethalita
,JONI SAPENDRA
,Maya Tata
,AQUA
,Komalasari Taenggu
,Rika Andriyani
,Ahmad Fauzan
,widya ningrum
,Artini Artini
,Teenna Ryanti
,Sri Lastri
,Enda Aryono
,Abi Umar
,Aruna Sachi
,Nafa Andara
,Nisa irani Riswanti
,rina kusuma Dewi kusumadewi
,Ya Saya
,Runny Espio
,Puji Astuti
,Muhammad Said
,Dek Amira
,Nis Wati
,cholid muhtamam
,Ahmadz83 Zais
,Dpa Rexsa
,Wahyu Rizki
,Alvio Putri
,Gus Yanto
,Mia Masudah
,Tito Hadi Priyatna
,Nick Noven
,ilham febriyan
,Adipati Langgeng Jaya kapuspa
,Sheva Syahrielta yasin
,Khairil Ikhsaan
,Owi Chanz
,2R Key7
,Nabilah Ilham
,Sella Shalha
,Dita Gamariksa
,Dasmanta Putra
,JoniBoi
,Mutia Sari
,Endah Rahayu
,irawan purnomo
,Iinsitiaminah
,Muhammad Fahmi
,mariani agus
,Njunk Zn
,Sufi Sufi
,fatma wati
,Elis Dudu
,Alex Tampan
,Aksal Wijaya
,Denny Soesillo
,Wilhelmus Williamson Istanto
,Afkar Algifari
,Hermanto Ichi
,Pretty Kurnia
,Nengah Indry
,yusuf widiarto
,RAGIL AHMAD ARIFIN
,Amiru Salahidin
,Jeanne Victoria
,liana jamina
,Yessica Fransisca
,Rizky Rahakim
,Dev Tyas
,Euis Sulyani
,Dr. Ane Sukmawati K. D.
,Gondrong Minthiabang
,Isna 1103
,Mutmainah Ibu
,riama ernawati T
,Amir Khan
,Geonard Timberley
,Ida Farida
,Ndaa
,Emanuel Kameubun
,Heri Suhestiono
,D'crispy Kayara friendchiken
,Ripan anugrah
,Radian Dwitama
,Yeni Heryanti
,Eko Santoso
,Clara Suciasantana
,Khusniah Musyarofah
,suwandi golden
,Dakhli Julianta
,llk Jn
,julio ngantung
,Jeera Creative
,Friska Hutasoit
,VERA SUDENDI
,Warsan Aditya
,Atu Afrizal
,Hendra Yana
,Jacky Boy
,Firsa putri Salamah
,Yanthi Handayanthiuu7k
,Eka Wijaya
,Hendrik Setiawan
,Siswo Budiyono
,Nurita ita
,erwiyn SPD
,Micky Budie
,Utari Aminah
,Yohana Erda Ferita
,Komarun Marun
,Petrus Purba
,Andik Fira
,Mardianah Dian
,Wendy Optic
,firdaus binong
,Triska Vmb
,Ayu Sarastami
,Nanik Ariana
,Rahmat Saputra07
,Abi Fhandy
,Fatma Wati
,Willy Rahman
,Bunda Sri
,Sari Nah
,yenita oktavia
,Rita Bou
,Nuril Ami
,Ahmad Firdaus
,Ratih Komala Sari
,srie maurayanti
,Argi Yono
,Alimun Rohman
,Dewi
,Audia Rafif
,kobhu chan
,Yogi Saputra
,Dade Kusuma
,TIXIE SESI
,Indah Permatasari
,Mba Cinda Meysha
,Andi Bis
,26. Mutmainatun Aliya
,Siti Warliah
,Susi Rahmayanti
,Dimas Gumelar
,Poedji Susilo
,Rian Prasetio
,Luciper morningsetar
,Yuliana banur
,Rahmat Lukman
,Dhini Lestari
,anissa ayu
,Yolanda Ambarita
,vyans07
,Sepanjang Railspotter
,The Akraban
,Gayang ive
,Hamami Hamami
,I Fr
,Nuramalina Lina
,Virda _
,Safrul M
,Iwan Darmawan
,Kiki gaming
,Benang Ruwet
,Abdul Gani
,Wulan Nara
,Pengguna Google
,Mahpudin
,Abdullahabubakar Slipi
,Indrianto Ismadi
,Farras Abiyyu Aziz _237
,Dani Surgana
,bayu andika martin
,War Siti
,Asep _pudin
,Kayyisah Sausan
,Pengguna Google
,Dede Herna
,Yossi Hairoh
,Sri Endank Winingsih223
,Jun Harifajar
,Sokheh Ahmad
,Yusuf Mahfudin
,Seli Melinda
,Yoga Ngr
,Muhamad Rijwan
,Nunung Amir
,Pengguna Google
,Sindhu Goen
,Pengguna Google
,Adam Ikhsan
,Pengguna Google
,Pengguna Google
,Dhyahayu Kusumaningtyassih
,Pengguna Google
,Pengguna Google
,fix_imperial 123
,Pengguna Google
,Pengguna Google
,Laksana Pancawati
,Pengguna Google
,Pengguna Google
,Taufik Pangestu
,Nemesio Tri Murwono
,Elizabeth Juli
,Pengguna Google
,apkt jar
,Pengguna Google
,Pengguna Google
,Deanne Cindy
,Pengguna Google
,Pengguna Google
,fadila ariel
,Pengguna Google
,Pengguna Google
,Pengguna Google
,Pengguna Google
,Pengguna Google
,Pengguna Google
,Adhi Ike Linda Dyati
,Pengguna Google
,Pengguna Google
,Rina Fauzi
,Fernando Dennison
,Stephant Delahoya Sihombing
,Suari Widilaksono
,Septi Rahma
,Pengguna Google
,Atika Sari
,Capan
,Yuki Allura
,Fera Aprianti
,Kelly Ng
,Stenly
,Agus Tpl
,Seri Rahmadani
,DalBox_Scarf Official
,aulia normasari
,Pengguna Google
,Hadi
,Wayan Eka
,Deni Rentang
,G BobMerzzz
,Gangga Resti Wahyuni
,Dewa Anugrah
,panim bal
,May Putri B
,irwan sucipto
,Denny official
,Dias x Ganz
,Komariyah 1103
,Samsung Galaxi
,Madeline Jehane
,amur murdiana
,Erni Nasrianty Natsier
,Ratih Putri
,Kurnia Awalia Adnan
,Pengguna Google
,Denita Septia N
,Ghita Amelia
,hadiyyatul fadhiilah
,Qulaibah Nadzifah
,Japar wijaya
,XmossX
,Anjar Efendi
,Eska Sk
,Dewi Angraini
,SAWERI GAMING
,Uwie Juni
,Sari Al
,okka ys
,Muhamad suardi
,US ID
,sakha kautsar
,Anisa Rahmawati ningrum
,Surono Unija
,Fadhila Khoirun Nissa
,jaykikuk
,Nono Listyono
,Ayu Sundari
,Syamsuddien Harahap
,Joshua Nggilu
,Gilang Grab
,Miftah Amir
,Nia Rosmiati
,abellia Gisa
,Adjie Pratama
,Windhy Ginting.2
,Illusiion Melawi
,Indah Lestari Butarbutar
,Nana supriatna Supriatna
,Kar Yudi
,Topik Hidayah
,sƒt abdlh
,Maulana Ibrahim
,karim sri
,ENDE SAND
,Nuradiva Adela
,Indra Budi
,Heroe Whyne
,Qeysya Sayyidina Bani
,Muhammad Rizky
,Pengguna Google
,Foodstory MCCSudirman
,Sam Minten
,Adrizal Makmur
,Pengguna Google
,Pengguna Google
,Prasetio diki Ma.
,dahlia kurniati
,Pengguna Google
,Pengguna Google
,Adha Yudhistira
,Pengguna Google
,Pengguna Google
,Mega Satyagraha
,Pengguna Google
,Pengguna Google
,DD Suherman
,Pengguna Google
,Yohana Sukhatama
,Thena Ampelianda
,Nurailah
,Pengguna Google
,Pengguna Google
,Pengguna Google
,Pengguna Google
,Pengguna Google
,Pengguna Google
,kardinnah widuri
,Pengguna Google
,Encik Aam
,Pengguna Google
,Willem Tantu
,subayri abdulrohman
,Syaifullah az Zubair
,Rahmaarfania
,Yuli Ana
,Ari Anik
,indah Sapitri
,Dranzz.
,Movie Clips WOLD
,Arina Hayatun Nufus
,Andry B P
,Julian Tyaspambudi
,Kurniawan Nur
,Firmansah Oktafiyani
,Syifa Tunnazmiah
,Emmy Della
,Risma Vidyana
,Qiya Liza
,Pengguna Google
,Dona Katinur
,Pengguna Google
,Cindy Yolanda
,Pengguna Google
,yahman Kurnia
,Mega Tanjung
,Dwi Sri Kundarti
,Nur Oktavia
,Rafif Rosyid Dian
,Deasy Nathalia
,Steven Lie
,Hisnatur Rohmah
,Nuansa
,supri yati
,Nanik Widjayanti
,ardi penyayang
,Herri Kartono
,helmina tk.alhijrah
,Kiky
,achmad al gozali
,Rika. A
,Lia Fitriani Rosadi
,eka jhito
,Ahmad Nurdin
,Arga Wildhan
,musbonzz
,Argha Juven
,Siti dalfa Anggraeni Ramadhan
,Laura Syifa
,Vara Maulidyah
,Muhammad Jamadi
,lisbeth sitorus
,Pengguna Google
,Soewoto Al tato
,nurdiana sari
,yutube simkuring 32
,Dyah Hertutiningsih
,Farel Totalchaos
,Aub sabardi
,Dadan H Permana
,Florentiana Raimanus
,Martha Amalia
,Tiktik Sulastika
,Zaza Zuhrotulzannah
,Enjys Sp3Is
,Fitri Aulia
,D Eto
,Rose Lin
,Budi lie
,Yati Candra
,Ekha Heriyani
,Nur Janah
,Dans craft
,Yudi Nurrabi
,Nas Ruddin
,Muthmainnah
,Zuhair Riza
,suharma ni
,Athalia Shafa
,Rizky Alkaff
,IM Ok123
,Vebri Hutagalung
,Yusuf Firdan
,Pengguna Google
,Orange Bun
,Pengguna Google
,Ryan Satriyawan
,Valen Tarigan
,Pengguna Google
,Pengguna Google
,Pengguna Google
,Pengguna Google
,Pengguna Google
,Pengguna Google
,Pengguna Google
,Suharto Wibowo
,Annisa Syadza Nuraini
,Aulia Mutu Manikam
,Pengguna Google
,Pengguna Google
,Yuliana Hermawati
,Linda Wulan Meida
,Ayu Lestari Ningsih
,Rohadi Setiawan
,Pengguna Google
,Hendri Bastian
,Arya Kuswaya
,dikky dermawan
,aini riza
,Pengguna Google
,ROCKY GAMING OFFICIAL
,Pengguna Google
,Putri Utami
,Pengguna Google
,Gudang Irwan
,Pengguna Google
,Pengguna Google
,Gus Dwik
,Yellow channel
,melda lukman
,Syahiramikaylarizkiya Kia
,Mahyuddin Yudin
,imam syafii
,Kusaerih
,김지현Adell puspita
,Abah Diding
,Defani Ariska
,Rekha dirgahayu rudiana putry
,Rani Rani sri mulyani
,Asfiah Widyawati
,Yudy Lee
,Sri Widowaty
,Pengguna Google
,Anonim
,Imam syafei
,Iswan Abdulah
,Pengguna Google
,Aswa Athirah
,Ivan Nur wakhid
,desi Christina
,Isnaeni Tri Rosiani
,soraya suhaila
,Suar dana
,frischa carenina
,Ilham Ferdiansyah
,R M Agus Friyansah
,Heru Pudjoasmoro
,Pengguna Google
,sylvana 1030
,Asep ZB
,Iskandar wahyudi
,Aditya irawan
,kaulo alit
,Tri Ludang
,Warsih Lestari
,Agatha Lee
,Efi Ekawati
,Al Asdad Arfiyuda
,Mufid Ok
,Wirda Lilia
,Chandra Irawan
,Pengguna Google
,kusumawati agustian
,Intan
,Pengguna Google
,tedy suryadi
,Rizki agung
,Ayuk nsh
,Aldiyanta Sitepu
,Ahmad Arifudin
,Coo Cookie
,Natalia F'Siska PuNgRib
,Elik Mujiati
,Alif Andria
,dreyy 77
,andriyani dinar
,Raya Syakilla
,Ipah Hanipah
,Yovie Majid
,Samuel Doku Bani
,Pengguna Google
,Pengguna Google
,Rio Adhitya Cesart
,Lilo Ponsel
,Pengguna Google
,beenz rafael
,Pengguna Google
,REz
,Pengguna Google
,Pengguna Google
,Pengguna Google
,Pengguna Google
,Pengguna Google
,Yunita Zzz
,Ina Nurastrie
,Agustina Ali Soemitro
,Faiz Kurniawan12
,BUDI 113 CHANNEL
,siisu nurindahsari
,Eka Ayudini
,Andri Gunawan
,Dany
,Suharno Suharno
,Siti Jubaedah
,apa saja yg bisa yg penting terhibur
,Tiikaa 91
,Fikri Zees
,Defi Agustina
,Nila Puspita
,Dian Amorina S
,Rosisatun Nisak
,soerya Dwi Susetya
,hafid yoga
,Suliman Pangapora
,Bangkit Restu Darmawan
,Muktiyo Suryadi
,Umar Bakri
,Rindra Alam
,Ramli Gobel
,Yanto Santoso
,Andy Weelona
,Music adalah hidup saya
,Farid Dewantara Putra Lay
,sekar panggih
,Alfredo Sumayku
,hendro lucky
,Caroline Pairing
,rully tribakti subendi
,Phitaloka Adienda
,charles hendranata
,Muh Mahfud
,Ai Aini
,Nur Azizah
,Srieyani naomi
,Adisty Farizah
,Jacky Sambuaga
,Hasan Udin
,Farid Santoso
,Katrina dembi
,ATEP ANAK RANTAU
,Theodora Vanda
,J Kristiadi
,Aura Nur Hidayah
,Herman Syah
,Pengguna Google
,sis darwanto
,Wulan Maldini
,Hafizh Agus
,Robert Hartono
,Sulthan M. Fadhil
,Pengguna Google
,Ninik indarwati
,mohhammad irfan mahrur
,santy riawaty
,Azzahra Azka
,Wiwik Widayanti
,Fan Yenny Sukimin
,imran limin
,Pengguna Google
,Chris Ngerung
,Linda Pratiwi Fridayati
,Saputro Family
,Pengguna Google
,Pengguna Google
,Kuda Hitam
,Pengguna Google
,AAN One Way
,Wenty Lin xiao ling
,Nita Asryanti
,Christoffer Firsta
,Jumiati Ami
,Azizah Haq
,Pengguna Google
,Ayu Gilang
,sleem Suheri
,Pengguna Google
,Erwina Ino
,Sheno Atmadja
,Mhd Niko
,Peni Kemurahan
,Pengguna Google
,Gyza Alfaries
,AKHMAD QADAR GINTING
,Rusdiansa Kurkal
,Pengguna Google
,Arifin Astro
,Pengguna Google
,Nisrina Ayu
,Dede Fitrianie
,Elis Tia
,Dmitri Kustinov
,Nila Akmalia
,Pengguna Google
,pafi ntb
,Fia Embun maylisa 2008
,Pengguna Google
,Jimmi Sitorus (TORUS Media)
,oo_ channel
,Ratmi Nohan
,Pengguna Google
,irianto jh
,Pengguna Google
,Alviana andini
,Heru Setiawan
,fany
,Benny Widyana
,Pengguna Google
,billy supit
,Dewi 5761
,Rizky Anisah
,Pengguna Google
,Desy Aja
,Andri Yansah
,Muhammad Rifky Ariadi
,Ravi Hung
,Nadia Afrah
,Pengguna Google
,Fajar Anugrah
,Aprie Bayu Priyanto
,Ambang Wibana
,Sasa Jeon
,Deden Suharya
,Nisa Saputri
,fhikachu
,Dragonite Admirer
,Erniya sajo
,Ayub Nirwansyah
,Fiya Alfiya
,Jany Kristanti
,CHamem Suu
,nisran Gosang
,Surya Eko26
,yeyen suhiyarti
,Abie Dzaky
,Sukma Wijaya Putra
,arif cahyono
,Umdaya 21
,Devan Surya Adrian
,Johan Effendi
,Erica Endah
,Irmawati Irmawati
,ona cutez
,Keisha Alvina Anindya
,mizuno mi
,Aris Susanti
,soleh Salapus
,Yanah Ajja
,Uber Alkhatiri
,Sesilia Atmaja
,ta ya
,Julia Afildah
,Sophia Jasmine
,Abdul Rohim
,Ayah Bilqis
,Pengguna Google
,Ditha Novita
,Pengguna Google
,Pengguna Google
,imam munadzar
,Naufal maqbul
,Pengguna Google
,Sumarni Marni
,Pengguna Google
,Pengguna Google
,Lim Andy
,Pengguna Google
,kang bugon
,feri kosasih
,DE_VARO Craft Ideas at Home
,MUHAMAD EMI
,Nisa Wasiat
,Cho Seul Jin
,Pengguna Google
,Pengguna Google
,MaaTauWak
,yuhanida nurazizah
,Syahrul Prayoga
,farihah isnaeni K.A
,Pengguna Google
,Annisa Deliana Zulkarnaen
,Yesaya Hendry Palandeng
,Leo Putra pratama
,Pengguna Google
,Pengguna Google
,Resti Sestilahi
,ratri vivianti
,fannih dwi suraeni
,Pengguna Google
,Joenarto _ mHonk
,Afriansyah Abrizam
,Pengguna Google
,sri hidayati
,Maria Maria
,Rendi Anggara
,Tuduh Sulistowo (Mr.2duh)
,Muhammad Fadillah
,Luluk Suci
,Gondho Ruseno
,Mohamad Iqbal
,Selvi Rudmiana
,Elvia Ardana
,Ahmad Abdullah
,Niken Dancell
,Aqhny Addam Nugraha
,Zahra Rara
,Njwtlyh
,Yetty Akase
,Flora Nguter
,susanto cunliang
,Mas farrie bae
,Hafizhovsky Mohammed
,Opit Ripat sauqi
,Marya Nazjua Marya Nazjua
,Eko Oentono
,Muhammad Arkan Fahrezi
,Queen Plingki
,Yuna Aisyah
,lenny dwi
,Tyas 123
,Saehul Anwar
,Marcel Alvin
,S. A. K TRS
,EKO INI
,Akbar Aliyudin
,Cristian Damar
,Ita Wati
,Habiburrahman Muharrik
,ahmad maulana
,gendot suryanto
,Afgs sysu
,pangeran manggadua
,Mia Septia
,Mei Juwita
,syaif uddin
,Ade Buana
,FIKI Andrianto
,Samuel Samuel
,Dedy SH
,Ang Bayu
,dani rasyid
,Victor Mahadhef Efendi
,agus murtahdo
,Wahyu _000
,Mohammad Yanto
,Mari_belajar_ilmu agama
,Patricia Wanggai
,kartiwi nurhasanah fr
,Ahmad Hidayatullah
,kafa and friends
,Zaqi faudzan Zaqi faudzan
,maulana ibrahim
,Irwan Dewabrata
,Freddy Ngopi
,saint tekad
,Tia Aji
,Banyu Asih
,Edhie Nainggolan
,Hengki Firnanda
,Fajar Maulana vikri
,NÈVA FAMILY
,Khairul Yusuf Nasution
,Elsa Amanda
,Mama kece
,Sri wasiati
,Agoes Susanto
,Solekhah Ayu
,Blondo 23
,Arif Nur wahyudi (Arif)
,Gugun Gunawan
,Izah Yusriah
,Rianti Ass
,Langit Senjaaa
,Surya Dinata
,Ateng Suhendar
,Agus Rofi Rozak
,Heri Maryanto
,Toko src andian simalingkar
,YANO TIDORE
,Baker Mumtaz
,Pengguna Google
,Muntea Mumun
,Pengguna Google
,Angel
,billy yosuanto silalahi
,Sayuti Sayuti
,Pengguna Google
,Pengguna Google
,Noor Huda
,Pengguna Google
,Faqih Santanu
,JS
,Pengguna Google
,Pengguna Google
,Zahra Cantik
,Pengguna Google
,Pengguna Google
,Pengguna Google
,Pengguna Google
,Dennis Allentio
,Ryan.
,Silvia Syareefa
,Silmi Fitria
,Andini Ayuningtyas Putri
,aisyah & uwais offical
,Pengguna Google
,Pengguna Google
,Aida Suryani
,Wawan Setiawan Ngawi
,Pengguna Google
,Galuh Setyo Rahayu
,Agnisotya
,Trienko Marinus
,syamsir firmansyah
,Total FitnessSMG
,Pengguna Google
,Pengguna Google
,Pengguna Google
,Pengguna Google
,Pengguna Google
,Nova
,Pengguna Google
,Ari Suci
,Pengguna Google
,Salimah imah
,Pengguna Google
,Pengguna Google
,Pengguna Google
,Tjhung miau peng “Apheng” Apheng
,Pengguna Google
,Pengguna Google
,Catur Kurniawan
,mohammad lutfi abrori
,Pengguna Google
,asep sapei
,Insa Ansyari
,linda ayu novyanti
,Pengguna Google
,Al finza
,Pengguna Google
,Pengguna Google
,Sri Aminah
,Pengguna Google
,BDL RZL
,F. Yulistiyo
,Asih Cahyadi
,Suneo 03
,Noname
,Pengguna Google
,Pejuang Receh
,Mirta Asyhara
,Olshop Aidah kosmetik Malikatin
,Ika Agustin
,oktavia alfiani
,Pengguna Google
,Ngilu Banget
,iwan arisetiawan
,Aditya Wikardiyan
,Grosir Apaja
,Maryam Gazi
,Rumaisya Nur Fadhilah
,Yeti Indriati
,Pengguna Google
,ytta
,Sigit Pamungkas
,Michael Zander
,Merdiansyah
,Kiani Agra Citra
,Pengguna Google
,mamet balangsaks
,Pengguna Google
,Rina Rahma
,Puji sang
,Muhamad Amin
,Pengguna Google
,Mintra Annabil
,Benyamin sutoyo Benyamin
,Fairuza Khalisha
,Pengguna Google
,Pengguna Google
,Aslichah
,Pengguna Google
,Afdol Syafi'i
,Lili Amethyst
,Ammi Assheenya (mama_na)
,DAVID RICARDO
,Henggar Putra
,Dado Harto
,Pengguna Google
,Shabila Billa
,Alex Alex
,Bang Kepo
,Pengguna Google
,Kayla Tunari
,Suradi Suradi
,Radifa 098
,aqra satyagraha
,Beni Shota
,Pengguna Google
,Cicy Darmayanti Sangaji
,Pengguna Google
,Pengguna Google
,Pengguna Google
,Pengguna Google
,Pengguna Google
,Aruma Lukmana
,Pengguna Google
,Pengguna Google
,Tri Hidayah.
,Arisman 99
,Pengguna Google
,Muhammad Zulkifli
,Dwi Satriyaprajna
,kapal api
,Chocopras
,Muh Efendi
,Pengguna Google
,Haradalah
,Pengguna Google
,Daud Sanjaya
,DistributorMCI Jambi
,Ai Ta
,Rahmat Hidayat
,Nugroho Saputro
,Rohman nada irama
,Siti Fatima
,Zein Maulana Al Mahfud
,Romana P
,Nadia puspa
,Pengguna Google
,Aprilia Widya.A
,menik yunier
,Zack TM
,dewi oktaviona
,Dian Endah
,Mulyono Hadi Saputro
,Triocta Ginting
,Irfan Ardirianto
,Karmila Wati
,Diki Akbar
,Sauqyy Ilmi
,Dedy Wijaya
,David Pakpahan
,Sunar Ko
,Andika Ardiwinata
,Dili Harmoko
,Putri Adeera
,Hurairah
,sudar sono
,Darmawan Prasetyanto
,Dony Hendra Kusuma ABM
,Kholid Budhaeri
,Tata Hermawansyah
,Fathul Swesteger
,Merlyn Pebiyanti
,ahmad hisyam
,Apip Kawali
,Zee W3
,Marta Yusuf
,Ben Ny
,Ridwan Muhammad
,ihsan lubis
,Raden Dodi
,Helmi Untung
,Nayyara Cleonefa
,Riefa Pesex
,Achmad Jazuli
,erry candra
,Suluh M (Donny)
,Da'i Thami Falah
,lintang bagaskara
,Felicia Graciella Petshop
,Angga
,Ahmad mughits
,choirul abidin
,Hasan Aksa
,raden brata
,BalDev mi mi
,kenangan
,Sisca Official
,Selim Emir
,Rahmat Rd
,Ummu Hurairah
,Rendy Pratama
,Ancenngono Ancen
,Fatimah Fatimah
,Nusa Antara
,Alfiana Rohmah
,Hesty Agustina
,Icetea Maniz
,Suhenny Suhenny
,shafa aulia
,Hadi nur Wahyu
,Vivi Wulansari
,Ayu Rizki Ariyanti
,Imam Syafi'i A.
,Yasmin Azis
,Pengguna Google
,rinaldy ibrahim
,Siti Djulaeha
,nolha paster
,Nafisah Az Zahra
,Juwandi Iyek
,Nisfi Nurisnaini
,Keyshia Banurea
,RIDHO HASRIADI
,w s
,Vimen Vallen XDC
,Heru Karyanto
,Phatrasimanullang
,Anita Mario
,Amel Paul
,Septi Mulyanti
,Erwin Setiawan
,Grace Fabiola
,myf91
,Romy Fernadi
,Ai kurniasih
,Agus Rijanto
,Nusantara
,husnul Arifin
,Nur Hakim
,koes A koes
,Mzhian123 Zhian
,Ida Bagus Made Bayu Pradnyana
,Vera Saputra
,aquila ganendra
,masjo kaliwayang
,Ahmad Amin Abdulqohhar H.
,Agung Prayoga
,Ka_ Ayi
,Nur Aini
,Suzanna Yunita
,Rani Sumarni
,Yoeli Soewandi
,Yanuar Andri
,Asah Asah
,Adelia Intan6066
,Evi Safitri
,IKL MUHSAR 005
,Fathul Thoriq
,Wila 006
,Andrian Pratama
,Jani L
,yohanes rafael
,Afrizal SDM
,Niluh Sukmawati
,Gilang Angga Restu
,Faiza Umar
,Darren Hernawan
,Kalih Sasi
,Raisa Pwt
,Kang Bima
,Maulidah
,Eka Purwati
,Ambo Aksan
,Mario Sinaga
,Anaa Mariana
,AndriyTan
,Ilhamzulkifli
,Mahfud Qomarudin
,kus min
,Brilliant Chromee
,ratna rahman
,Heppy Peronika
,Widiya Diyas Effendy
,Kiki Kikiartawati
,Edi Kardi
,Agus Farida
,Mona Dwiariyani
,Rama Al Rasyid
,Purbaya 3D Art
,Abu Wildan
,Rahma Aja
,Yudi Yantoro
,Yubilio Zuli
,Muammar Khaafidh
,Aris Santana
,Ketutpujawan Dapet
,Abdul Muhyi
,Meliana Anyun
,ahmad junaedi
,Susanto Mitereja
,Moch Ashadi
,Heri N
,deny permony
,Pengguna Google
,Oom Qomariah
,Hary Kurniawan
,Wahyuni yuni
,Achmad Hardianto
,Bahing Christian
,Meylia2105 Siska
,martinus djakawibawa
,Dian Safitri
,Santoso watu
,Ghatfan maulidan rei
,Firman Tuhan Reningan
,Joko Handoko
,selviana yulianti
,Sinda Peea
,Anis Putri Yany
,Badarul Arul
,Ry Rahman
,Bagas Ariyanto
,Rosidah Syah
,_KY_ Thok
,Muhammad Rinaldi
,Ludovikus Harselino
,nima tulfauziyah
,Kanaliyah kan
,Ilham westlife
,Mehmed Nadhif
,abdul rohman
,Wawan Tiswan
,Khoirul Mufid
,Stevanie Vanie
,Yogi Bdn
,Opo Sumarno
,Steven Niko
,wira arkhan
,Muchtar Lee
,YUDA
,Karsi Karyono
,Ria Ria
,Cecep Muhaemin
,Agustina Setyarini
,Sintiya Putri
,Aang junior da silva
,Yasmin Al Meera
,Syaeful Pata
,Faris Baen
,hera wiryani
,TOMY ASLAM
,Hermawan Febri
,edymay asep
,siti umayanah
,Putri permata Sari
,Kristina Silitonga
,Ltya Ltya
,Enang Bhae
,Sofi Naila
,Monon
,Syarifudin Udin
,novie ardyanto
,Henri Sianturi
,Pebrian Diga
,Lilis Rr
,Bekatak
,Dian Kirana
,Nyimas Rusmini Mediatri
,Ipul Saepullah
,Winda Yanti
,A wi
,Matahari Bersinar
,Yety Yuniarti
,HETRI DESYANTERI
,Syam Sula
,Handy Plast
,Ariyanti Puspita
,Lysna Zend
,jap anggoro
,Alex Setiawan
,Nahrul Rehan
,QINI OFFICIAL
,Edi Santoso
,Eccha Apriyani
,Dafva Dafva
,heyy bar
,GysEndo Wibowo
,Ari Takengon
,Ales Rodiana Rodiana
,ameliayusrina hassyati
,Ega Samudra
,Roedy Hartono
,Deden Deden
,Offi Andhi
,Bambang Ishar
,rendra H&R
,Milasari 2087
,nur putriani
,Nia Kurniawati
,D&F CHANNEL
,fehung ajah
,IMade Putera S
,Heskiela Adhi W
,achmad supriyadi
,Gyzhella Lodoh
,aak aluk
,crispy lista
,donny putrawansyah
,Kepin Alucard27
,Heri Yanto
,Tias ambarwati
,Budiyarto Ladunga
,Annisa 0921
,jajat Sudrajat
,Yuda Pramudya
,Hendi Katenye
,Cepi Hermawan
,bunga trotoarID
,Eko Purwanto
,Syakina Yesi
,Deddy Tarmono
,Ayu Tresiana
,Sari Endah
,Nova Dy
,Pengguna Google
,DIKA ADE REFIKI
,Angga Dwipangga
,Suhendar Yudi
,Lizma Claire
,Yono Catur02
,Mbah Sangkil
,Jossie Sebastian R
,Armank rahman
,andi andi
,Lamia Bellelyn
,Aming Syahminan
,Amir Hamzah
,Reski Prayoga
,Djarot Hutabri
,jhon ness
,Dimas Setiawan
,Yeni Hassan
,Tiana Yusuf
,Lia New
,Niko pranata
,Pengguna Google
,Pengguna Google
,Shafira Nur fitriana
,Lydia Wijaya
,GAME BLONG
,Sarah Nasa
,Tri Kuncoro
,Muh Yusuf Pratama
,Ricky Rianel
,Pengguna Google
,ray delonge182
,Andri Jarefsi
,Dika AF
,Hafiz Akbar
,Mirna Ahmad
,Isfani Febrianti
,Pengguna Google
,Andi Purwanto
,Cahaya Annisa
,Alya Lestari
,Pengguna Google
,Untung Tri Anggara
,Pengguna Google
,Tavisha Putri
,denik ruslandi
,82
,Andi Zulkarnaen
,Nofi Indriyani
,Dewi Pratiwi
,BngBs
,Beni Beno
,Lily
,Siren Sunshine
,Desni zai
,rimba jibril
,Amiftahamar Amiftahamae
,KY Han
,Imel Hwa
,Ayub Channel
,Sri Lestari Lestari
,Rizaldi Pratama Putra Arifudin
,Debby Fahriza
,Eka andrian Ninigsih
,Salman Kan
,Mohammad Danial
,Renaldy Azzuhri
,Rindu Ani
,Kireii Eguilera
,KK Kedang
,Pengguna Google
,Nurjanah janah
,Pengguna Google
,Santa Eliani
,bts is overrated
,maulana machmud
,Alya Puspawati
,Misbah Istiyadi
,Ros laini
,Pengguna Google
,Woman massage Jakarta
,Pengguna Google
,Ins San
,Muhamad Takhrudin
,Resti Ayu Melinda
,Rasya Permadi
,Pengguna Google
,Rahmawati Zulfa
,Brian Rahmarela
,Angell
,Chairunnas Fuadi
,Pengguna Google
,Muhammad Naufal Maulana
,Usman Ysn
,Pengguna Google
,Putra Gypsum
,JATMIKO WIJONARKO
,Yudi Heryanto
,Pengguna Google
,Ardan Ps
,Gunawan Kasep
,santhi adriyati
,Ignasia Ingrid Siringo
,Ayi Meliyani
,Bimantoro
,Pengguna Google
,N. PUTRI ARILYA
,Herlina Herlina
,Bubblegummyoon
,Danny Stevanus
,mee dhian
,Winata Lee
,Chen Lan
,Pengguna Google
,Kevin Soon
,MeyMey
,Pengguna Google
,Wong Wedokk
,Filipus Ginting
,Cece Cebret
,Rany Sulastri
,Pengguna Google
,aisyah q
,Keddai Meris
,nasir plosogeneng
,Nur Fadhilah
,Pengguna Google
,Bobo Scorpio07
,Surya Pringga
,Yunanto Dwicaksono
,Ri Dena
,Cookies 911
,Ummu Shofiyyah
,Ir. H. Rangga Sasana
,Yosep Alexsis
,Pengguna Google
,Ardi Tyas
,Pengguna Google
,Muhammad Daffa Azka Putra
,Pengguna Google
,Pengguna Google
,Jon Galau
,Pengguna Google
,Ahmad yusran
,Khairatun Nisa'
,Pengguna Google
,Mobile Legend Awkarin
,Ruchayu Arifin
,ADM SINGGALANG
,Pengguna Google
,Pengguna Google
,Hani Hidupku
,Leonardus Mosez
,Ahmad Maulana
,HS Chanel
,Teguh Anggin
,ANDRI RAHMAYADI
,Riska Pebriyanti
,Afrinita Nita
,Sri Rejeki
,Sky Moon
,Nina Arifin
,margerita bekamau
,Lindiana Dewi
,Mutiara Nayomi
,Denis Saputra
,Lusi cahyani
,Rudi Gamers
,Fitri Aprilia Junaedi
,wahono wahono
,Lailatur Rofi'ah
,tiara m
,Dadang Setiawan
,Muhammad Thohir Fahmi
,Ipul Ganteng
,sindi julinda
,Yogi Bs
,Diraya Adha
,Muslan Slan
,Melisa Tan
,saniah satersam
,Suka suka
,Fix Wibu
,Egi “kaze” Nuryadi
,Muhamad Zen Irgi
,Juuminten Mie
,Ramdan mamaramdan
,Evayuliyanaa Anaaa
,Eza Rozit
,Erlangga Yudha
,Eky Kholil
,Irda Beatrik
,Indri Dwipuspita
,Muhamad Yuda
,Nina Citra
,M Rafsanjani
,Kholid Bakri
,Verine Ferizcha
,chika restu
,Melinda Damayanti
,Wiwi RM
,Maryam Syahana
,lindawati subandi
,Reski Yanti
,triyas nurfitri
,Cussuca Hampers
,Candra Dewi
,Gita Francisca
,9cakun saya
,Kurniasih SH MKN (Nia Pintar)
,Indah
,Permatagroups Vulkan
,Samsung Galaxy
,Lya Reich
,Rahmah Kurniasari
,nifsi fink
,sarah nur irbah
,Syela Lourencia
,Riza Sinaga
,Dinda Nur Rahmawati
,Meilina City
,Novita Sari
,Ud In
,Dgrace Literasi
,Hasnaurrofah Analia
,Kholifah N
,Indarani Salkia Putri
,Ali Saifudin
,M Annas Hardianto
,Abdul Rosid
,serli ulina
,Nendi Suhendi
,Ismi Khofifah subakti
,Immanuel Christian
,Fahmi Alim
,Meisya Aura
,Ayu Meliana Sari
,yan yusuf
,Matthew lenggu
,Muhammad Riyadh Zuhair
,Siti Mafrukha
,Endah Agustiani
,Leny Yana
,dian hasibuan
,Marcow Prayudha
,Ellya mahfudhoh
,Feby Irawan
,fery monoarfa
,lukman Hakim
,Alan Budi Kusumah
,aellia lizzyya
,Ay
,ayu rahayu
,Firmansyah Setiawan
,Najib Anwar
,Lukmanul hakim
,Mentari DiMalam
,Lutfi Abdurrochman
,Putu Rahayu
,noor arifin
,Teguh Ozil
,Kevindra Alvaro.Ptr1
,Bhang Kheng
,Wiwin Ariningsih
,Zulkifli Zulkifliallied
,Helena
,Aang Kunaefie
,IBRAHIM AMIRUDDIN
,Eti Rohaeti
,Reza Bafadhil
,tinneke disabella
,puput eko
,Dicky Aryawan
,Yunita ashari
,aad rizal
,Sonni Reza
,fransisca ratna
,Wildan Afwan
,Naomi elfrida
,Vina Anggun Purnama
,nunung hariyanto
,Thoriq TNZ
,Eva Kurniawati
,kang partono tv
,zulkarnaen Bandaro
,Di Cerdas
,Dwi Aprilia
,Dody Setiawan
,Belman Hasudungan
,Dewi Fadli
,Sandy Pratama
,Indah Yulianti Puspitasari
,Rizki Yustiawan
,Fany Pramesti Handiyana
,Marlina Nawirudin Mading
,Mulia Dengan
,close
,Tiara Nur Alif Laila
,Chen Xu
,Nor Lestrin
,sinta oktapia
,Tias Mutiara
,Hafi Farihati L
,Septi Ana
,Recommended Suka Suka
,Rissa Septiana
,udail mudzaffar
,rem blong
,Rasmani Uye
,Adi Fir
,Rahman Figure
,Istifarini
,Nico Agus Wibiantoro
,Leni Carlina
,Nida Fariha
,Achmad Fauzi
,트레저엄마
,Yuli Yulianti
,Lukman Anafi
,redi yansah
,warkop raffa aulia pasar setu
,Inaz Nabilatus zahra
,Lenni A
,Roni Serang
,Valda K
,Ahmad Subhan
,lia tan
,Tri Widiastuti
,foni fan18
,candra muhamad ramlan
,Lutfiyah Lutfiyah
,Regie Tehupelasury
,Oddy 19833
,riyan 02
,Aripin Blackstone
,Fross 7211
,Aldi Puspo
,Eko Budi Utomo
,Sumi Yati
,Pengguna Google
,Titin Cempluk
,vicky kurniawan
,Zidni Farhan
,Ramli Situju
,Imamatul Awalia
,Alfarabi Ibrahim
,Unknown人
,A R I L
,Rempah Sultan
,mahfud fadholi
,Zahira Cyntia
,Satria Ade
,Lukas bl
,Ardian Novianto
,Shefine Maylika Yusuf
,Olivee
,Ery Wahyuni Puspitasari
,akhmad ali
,Muhammad Al Rizal
,Imam Nurul
,M3 X97
,Tri Mahardika
,Al Faridzy
,mathovani lutcu
,Heyown
,Diana Devita S
,Indah Fitria
,Poej Ammar
,Er Lina
,Ayu Novita
,Rosalia Puspita Sary
,adinda jihan talyta
,Saiful Maulana
,Andrew Setiawan
,Taufik nsw
,Ragita Anggraini
,Ari Wibowo
,Mas Gambreng
,Aditya Lutfi
,Pathor Rozy
,windy christalia
,Susanty Susan
,Herman Man
,M.imam Andinata
,Rizuana Nadifatul
,M Dian Sopian
,Titta Alrelyan
,inti dhomatul
,Nurhayati Nurhayati
,Budi Aryadi
,Pengguna Google
,Pengguna Google
,Pengguna Google
,Didik Prambudi
,Jul Helmi
,kasdim 48
,Hani Haryati
,Pengguna Google
,Shienny Wibisono
,Pengguna Google
,visco putra
,Pengguna Google
,adi setiawan
,Maria Magdalena
,Pengguna Google
,Vania Christy M Panjaitan
,Andika S.R
,muhammad nur ansori
,Berkah Lestari
,Irwan Irwan
,Afiifah Alkatiri
,Siti Habibah
,Arnhee Elf
,X2-23 Tania Callista
,syarif Hidayatullah
,Sopar Maruli
,Pengguna Google
,Deinanda
,Alva Permana
,yoga ramdhan hedriyansah
,Hikma Karomah
,Pintore Jh
,Juli Purwanto
,Pengguna Google
,Pengguna Google
,Tri s purwanto
,Muhammad Ariansyah
,Iskandar Agung
,WAHYU monas Mocas
,Andi Ashar (Pak Andi)
,Kusniah Nia
,Pengguna Google
,Indah Rofi'atun DS
,A Rambu
,SAPUTRA TSPC
,Pengguna Google
,Pengguna Google
,Pengguna Google
,Wandy Lakoge02
,Eve Wally
,Pengguna Google
,Tiwienajwa 92
,Henu Dewana
,Ketut Sri
,Axe Sword
,Ririn Kurniawati
,Pengguna Google
,sweetPoetaetoo
,Edo Tue
,Paola Rondonuwu
,Pengguna Google
,Pengguna Google
,Nina Yuliasari
,Pengguna Google
,angellia
,Feren Enggelina Wijaya
,Jeffry Ilza
,Indah Kurniawidi
,Pengguna Google
,Pengguna Google
,Geprek Platinum
,Nova Putut
,Randy Kurniawan
,Candra Candra
,Pengguna Google
,RINA ANDRIYANI
,Reza Adi Saputra
,Farhan Al Ikhsan
,Pengguna Google
,Pengguna Google
,Hotmeilina Nababan
,Budi W
,Rizal Player Indonesia
,Fadly irawan
,Ayana Handmade
,yoran artato
,Yuli Rahmad
,VNSX
,Tulus Afianto
,Astri Eastri
,Pengguna Google
,Pengguna Google
,Imran Widyantara
,Pengguna Google
,Nita Dewi
,FIERDY
,Pengguna Google
,Pengguna Google
,Meirna Wijaya
,Pengguna Google
,Pengguna Google
,Pinkan Puspa
,Syahrul Ghufron
,Rino Adi Putro
,Muhammad Rifki Romadlon Gus Rifki
,Mia Nissa
,Khalisha Rizkiani
,TAUFIK TAUFIK HIDAYAT
,Didot 12
,Pengguna Google
,Yayah Sunarsih
,Abu abdillah Rafiq
,Pengguna Google
,Andika 1991
,Anna Yunita
,Pengguna Google
,hn
,Ki Ki
,Pengguna Google
,Tri Wahyu Nugroho
,Pengguna Google
,Pengguna Google
,Pengguna Google
,Arkha Zanuar Syafieq
,Lili Erlistantini
,RealCyberX
,Ujang Saepudin
,Agung Wijatmiko
,Supiismu Rahman
,Pengguna Google
,Pengguna Google
,Pengguna Google
,Danang Aris
,Riezky Dimiyanthi
,Pengguna Google
,andrefy.
,Pengguna Google
,Dex Dex
,Reni Susilo
,Pengguna Google
,mujy momon
,Agus Suyanto
,Nita Wowiling
,Maharani Dewi Octavia
,Ri Ridwan
,Sekarini Nur Alifah Habi
,dewi arian
,Pengguna Google
,Pengguna Google
,ALi _aja
,Pengguna Google
,Pengguna Google
,Pengguna Google
,Pengguna Google
,sarjono saputra
,Dimas Prayogi
,Rafa Anjay
,Husen Uchenk
,Pengguna Google
,Fauzi Barkah Irianto
,"ujang hudori ,uze"
,Nuryani Solekhan
,Picrasul 05a
,Rusda Hr2122678
,Nayla Maysah
,Welfitri Yanti
,Zahra 02
,Aman Ting
,Aprian Nur Rohman
,Agung Setiawan
,Alfi Defront
,gustiana rikho
,Adyan Putra
,weareone exol
,djoehdi djaelani
,Rian Ariyanto
,Condee dee
,Arvent sha
,Calvin Calvin
,Shasha Rose
,Benoe Gembel
,Tommy
,Ainaya Qatrunada
,nina christina
,021_ WILLYAN IMANUEL RARI
,Putri Apsari Ratnapeni
,Caren Human
,Siti Djumena
,Imam Nawawi
,citra gumilar
,Gendhis Jawi 1988
,yosefin -
,one head
,ALI WIJAK MURTOPO
,Uzumaki Harry
,Fitri Yaningsih
,Lia Hamidah
,Sri
,Pemburu Taubat
,Santosa Jaya
,MAMI SURASMI
,Alif Rahman Nugraha
,Pengguna Google
,Fika Sanjaya
,Dede Hudin
,Darul Fatoni
,Diana Pangestika Y
,Dini Adinda
,Nabilazkj.Itsmee
,Angela Irena
,Sang Surya
,Eka Nurshinta
,Vhiio Novi fadillah
,Muhammad Fikri
,Bayu Ramadhan
,Pengguna Google
,Pengguna Google
,imla ani
,Pengguna Google
,Lisna Inna
,Alfian Syahputra
,Pengguna Google
,Siti Nuraeni
,Prawira Effendi
,ChipChop7
,fumma kotaro
,Pengguna Google
,Rizka Rayhania
,Pengguna Google
,pheyoo keppo oficiial
,E. M. Habiby
,Ummu Aisyah
,Yusuf Firdaus
,Pengguna Google
,Wanda Hamidah
,Tripermanasaputrajoy
,Kartika Maharani
,Pengguna Google
,Ukasyah Qih
,Fahrur Rozi
,Pengguna Google
,Anovita Adhiana Djatmiko
,aryadi tirto
,Regina Cahyanti
,Ahmad Angga
,Pengguna Google
,Pengguna Google
,Roby Kusnanto
,Mathuridi
,Pengguna Google
,Winda arja
,Kadek Wardana
,Danie Hamdani
,Pengguna Google
,Pengguna Google
,Wahyu Maryani
,Anisa langga
,Pengguna Google
,Jeny Arifin
,Fahira Adha
,Pengguna Google
,Yoga Surya Nugroho
,Pengguna Google
,Rayhan 6B
,hendro suprayitno
,Pengguna Google
,Imama hanafi Putrapenggantung
,Lasni Sefrianti
,Hasana Heri
,Gita Fitria
,apriyanti aprill
,Rizal Setyawan
,Kholid Fadhilah
,yuliana taswin
,Opang Plong
,Aghis Nur Kholifa
,Pengguna Google
,Heri Albantani
,Andika Putra
,Pengguna Google
,Muhammad Miskal
,Vahrizal Musthofa
,Pengguna Google
,Pengguna Google
,Nadhea Permana
,Gita Salsabila
,Riri Agustini
,Pengguna Google
,Sutrisni Ayu
,aing_cece26
,Zuma Mu aska
,Nur Asiyah
,Siti Nurmala Sari
,Pengguna Google
,Pengguna Google
,Anggraini Rahayu Putri
,Hendra CMB
,Vixhi Vichi
,Awe Nugraha
,Jojo Alfiqri
,firdaus setiawan
,Andi Cpx
,Fanny Vania
,25_Nawal Azzahra Ramadhanti Ananta Syakur
,Santi Rehan
,Pengguna Google
,Pengguna Google
,Akbar Valindo
,Mardee Siswanto
,Wahyu Simargolang
,Benedicta Sasmito
,Laras Kirani
,Sumini Tk
,Pengguna Google
,Pengguna Google
,Pengguna Google
,Abdulah Gembil
,Ali Al-Musthofa
,Pengguna Google
,Pengguna Google
,Pengguna Google
,demi thomas mauludin
,Aeni Aeni
,Wahono Koclok
,Pengguna Google
,Peni Wartini
,Rinda Nenni
,Taufiq Praditya
,Zuhria Ana
,Pengguna Google
,Pengguna Google
,amanda putri
,Pengguna Google
,Indah Lestari
,Pengguna Google
,Pengguna Google
,Cici Purwanti
,Pengguna Google
,Maria Natalia Ticoalu
,miraviori channel
,Pengguna Google
,Pengguna Google
,Gandhes Gendhuk
,XIIG_Freya Theonia
,Andong's Tv
,Pengguna Google
,Asty Gita
,De Sweet Healthy
,Hendra Gunawan
,Darmin “Darmin” Romi
,Pengguna Google
,listyana wulandari
,Pengguna Google
,Desi Riana
,Pengguna Google
,Pengguna Google
,Roseslove Anjar
,Aulia Natasya
,Pengguna Google
,oki ard
,Putri Ayudia
,kopi Pesisir
,Pengguna Google
,I wayan Padang Suwita
,Satoto Basuki
,Anta
,Pengguna Google
,Aku Saya
,Cute World
,Pengguna Google
,Pengguna Google
,Mobil GO!
,Abun Aja
,Yuliana Putri
,Pengguna Google
,siti nuraeni
,Meliana Kurniawan
,Melan Qurrota
,Glenis Nababan
,jasmiati rajab
,Fidya Sri
,Elvita Tel
,dodi komarudin
,Duwi handayani
,Yesika Febriani
,Tuti Sumiati
,Siti Junengsih
,Uli Eswe
,Pengguna Google
,Yuli Risnawati
,Evi Silvia
,Pengguna Google
,hart luck
,Pengguna Google
,Nay Han
,L Parmita
,Pengguna Google
,Rohmatun Jannah
,Pengguna Google
,Pengguna Google
,Pengguna Google
,Pengguna Google
,Jamil Sarjang
,Andre Irawan
,Bu Oemani
,sapi perah
,igoecuy Tulalo (junio)
,Nurul Amalia
,Ahmad Nasiin
,Sutro Mandiri
,Pengguna Google
,Rosi Ros
,Erin Saja
,Aprilia yanti
,Surya Apriyanto
,Pengguna Google
,Handika Putra
,Yati Yat
,Didit Priyantoro
,Aryan Affandi
,Rahmi Lianingsih
,Inggar Pratika
,Marwoto Dawoed
,Indarti Tri
,M ZAN
,Yani Azmi
,Pengguna Google
,Wulan Saftiani
,Pengguna Google
,Diannaaa Putryyy
,marjhono aryanto
,Shokib Anwar
,Aji Erdiyantoro
,Yeti Taher
,Pengguna Google
,Eddy Zal
,Chandra Kharisma
,Pengguna Google
,Pengguna Google
,Ryand Anr
,Pengguna Google
,Pengguna Google
,eripratama2293@gmail.com Eri
,Pengguna Google
,Bang Tono Channel
,sulis tiawan
,Haura Kanza
,Pengguna Google
,Fajar diniari kamil
,Feng Lin
,Fatmawati
,veronika park
,putri sukma
,Pengguna Google
,Lalu Ivan Hidayat
,Pengguna Google
,Pengguna Google
,Teguh Haryadi
,kantong menyan
,zaenal Abidin
,pristiyanda Pradana
,John Simon
,Ugi Saputra
,Pengguna Google
,Pengguna Google
,Pengguna Google
,sadikin
,Muhammad Jumari
,Pengguna Google
,Dalifa Alfatunnisa
,Putri Yuni
,Pengguna Google
,Pengguna Google
,Pengguna Google
,Fatchu rahman
,Pengguna Google
,Hatriyah 177
,Sihombing
,Dita Anggraini Wibowo
,Fajri Mahardhika
,Pengguna Google
,Muhamad Najwan
,Pengguna Google
,Adistya ananda Sugma saputra
,Sembiring Sembiring
,Saida Hafizah
,Pengguna Google
,Mulya Suwanda
,Pengguna Google
,Supri Anto
,Ramzy Bahamisah
,Herry Koswara
,Pengguna Google
,Pengguna Google
,Wulan Eka
,Eriana Sutono
,aris purnomo
,Utk Petani Gandum
,Laily Saa
,Devie Kania
,zaenul mukminin
,Gading Yono
,Pengguna Google
,Pengguna Google
,Luqman Latif
,RAW Digital
,Pengguna Google
,iskar bahaji
,Pengguna Google
,Nuriawan Yulianto
,Arif Hidayat
,Fetty Etika
,Endah Sri Sulistiowati
,Alin Muniro
,Pengguna Google
,Yuli anticka
,Abiyassa
,Endang Supriatna
,Pengguna Google
,Arumike Septriana
,Tasia
,A S
,Moh Hefni
,Debby Surya Ananda
,fajar dwi oktavianto
,Zazqia Khairunnisa
,Pengguna Google
,Rizal Giri Laksono
,Pengguna Google
,Rafa Tita
,Ena Handayani
,Khairil Fuadi
,Adam Kasep
,Pengguna Google
,Danu Saputra
,Nurlela Salama
,Pengguna Google
,Pengguna Google
,Nazuka Ojawa
,Pengguna Google
,Pengguna Google
,Pengguna Google
,Nanda Sukmai
,Pengguna Google
,saripah samiin aprilianto
,PROPYLEND TV
,Ray Tans
,Norlatifah
,Pengguna Google
,Afriyanto Hasan
,Andik Sucipto
,Pengguna Google
,Rokayeh Hayati
,BIG HOME OFFICIAL SHOP
,Ahmed Fahmi
,Young Trader
,Supeno Mawon
,Wayan Perdana
,Pengguna Google
,Gita Cahyani (Tata)
,Pengguna Google
,M Diki Ardiana
,Imam Djaya Saputra
,Sulistyo Wati
,Ibey Habibah
,Ambo Unga
,Hariez Cuma
,Pengguna Google
,Vai Permana
,every every
,Rini Widajati
,Pengguna Google
,Nurfalaq ayat
,Pengguna Google
,angela wundri
,Jaya Taufik Hidayatulloh
,Wilar Priambodo
,Pengguna Google
,siswadi service
,RiizzXD
,Jinhwan Andrian
,Pengguna Google
,Pengguna Google
,Tjut Anisa
,Pengguna Google
,Rahmat Maulana M
,Pengguna Google
,Pengguna Google
,Andrei Tanjung
,Novia
,Pengguna Google
,Muh Tri Sendi
,FlasherJorong
,Great Bima
,Mukhtar Sukma Atmaja
,Muhammad Ridho Rodhyallahu
,Didik Subali
,Pengguna Google
,Pengguna Google
,Eva Kurnia Ningsih
,Supianor Supianor
,Pengguna Google
,Assyifa Cell
,Pengguna Google
,Pengguna Google
,Kye Hunter
,Pengguna Google
,Yeni Puji astutik
,Yuli Yanti
,Daily Ibu Kreatif
,Irman Kenza
,Pengguna Google
,Nur Halisah
,Pengguna Google
,Masluhi Masluhi
,mai linda
,Pengguna Google
,Cahaya Nur
,ELD PUBGM
,HACKER HP
,Pengguna Google
,Siti Suraedah
,Pengguna Google
,Pengguna Google
,Pengguna Google
,Pengguna Google
,Pengguna Google
,Endrianto Tama
,Pengguna Google
,Pengguna Google
,Pengguna Google
,Angka 5004
,Nia Sesilia Prettydina Simanjuntak
,rizal amran
,Pengguna Google
,Pengguna Google
,Sana Paser
,Pengguna Google
,Davi Davi
,Pengguna Google
,Pengguna Google
,Eva Sbrna
,Pengguna Google
,June Tan
,Rosita Amelia
,Badang Sensia
,Pengguna Google
,Dwi Utami Rizki
,raisya offical
,Ainiyatul Lafdhiyah
,Pengguna Google
,Pengguna Google
,Pengguna Google
,Pengguna Google
,Pengguna Google
,anggita
,Aditya Soeparno
,Ulung Ulung
,Yn Febryant Channel
,Pengguna Google
,Ria Ria
,andhika nurcahyadi
,Pengguna Google
,Pengguna Google
,Marni Noer
,Pengguna Google
,Isa Andrean
,Pengguna Google
,Kavita Dera Aurora
,IaNk The Best
,Herlina Ina
,Supandi Wijaya
,Pengguna Google
,Saripah Asiah
,Pengguna Google
,Neecha Indriasari
,Pengguna Google
,Cece Syamsul Hadi
,Pengguna Google
,Andini Putri
,Pengguna Google
,Pengguna Google
,Ayunda Ayunda
,Novi Andrianti
,Nur Holis
,Shandra Amalia
,Maria Sihombing
,Pengguna Google
,Pengguna Google
,Pengguna Google
,Pengguna Google
,Pengguna Google
,Tuti Rohayati
,Pengguna Google
,Indra Lesmana
,Pengguna Google
,Waro Muhammad
,Pengguna Google
,Pengguna Google
,Riyang Maulana
,Pengguna Google
,Agus Teguh
,Lusi Sopianti
,Om_ Nawaw89
,Eggy milamardika014
,Diah Putri
,Salihin Zonk
,Pengguna Google
,Sem Fani
,Sara Keliat
,Pengguna Google
,Pengguna Google
,Hendrik Pitoy
,Sandy Yudha
,Megaftr12_
,Pengguna Google
,Pengguna Google
,Pengguna Google
,Pengguna Google
,Dwi Abdillah
,Dian Sikhtavartika
,Shang Maharaja
,David Setiawan R
,Heri Gunawan
,Pengguna Google
,Arya guna
,Pengguna Google
,Dea Dyea
,Pengguna Google
,agus arif fadila
,Pengguna Google
,Pengguna Google
,Pengguna Google
,Pengguna Google
,Pengguna Google
,Andi Budi
,Pengguna Google
,Nay
,Dapur Moniq
,Arif Rahmanto
,Mohamad Yhoni Dwikurniansyah
,nur sholikhah
,Ryo Awa
,Armein Chobrin Fathan
,Pengguna Google
,Sulaeman Abadi
,Suharja Ralalatu
,udjo djo
,Pengguna Google
,Pengguna Google
,evalina oktavia
,Wahyu Janika
,Kalvin Paster
,Agustinus A Degei
,Olex XE (Olex's Xenon)
,Silvia Sitompul
,rahman rahmawan
,Muhamad Faqih bin chanif
,Rowi moch
,Luthfiana Dwi Miftah Bakri
,Pengguna Google
,Oblak Oblak
,Siti Nurhaliza
,Putra Dewa owk
,siwi pambayun
,Dewi Listya Univ AisKa
,nakgfmed noword
,Oyyo Ramli
,Farisshaw
,Enur
,Dewi Ayu
,Pengguna Google
,MhiaMhie
,Wahyu Pitria
,Di dit09
,Pengguna Google
,Pengguna Google
,Supiyana Rahma Ramadan
,Emilliana Rizkika Vereka Syalo'om
,Pengguna Google
,Meilia Eka Rahmawati
,Ru Day
,Pengguna Google
,Pengguna Google
,Muhammad Rizky Rizki
,Sity Marhamah
,Pengguna Google
,delta novista
,eryramdani
,Dewi Chusniyah
,Zul Hendri
,Pengguna Google
,Tia Tiur
,Pengguna Google
,Triya Mimin Wahyuni
,sahal jhon
,Pengguna Google
,Jamil Udin
,Pengguna Google
,Alifyana Rahmadani
,Niken febrianty
,My Moona
,Pengguna Google
,Kasrina
,Pengguna Google
,Pengguna Google
,Pengguna Google
,Ayu Puspita
,Pengguna Google
,Nat Peterson
,Pengguna Google
,fendy yulianto
,Yaffi Thamana
,Dika Yuliana
,Pengguna Google
,Pengguna Google
,Ferry Brasco
,Pengguna Google
,Ifa Nurlatifah
,Pengguna Google
,Salsanya Nya
,Abidzar & Zaid
,Kipli Apoteker
,Mora Afandi
,ali mahfud
,Agus Sunandar
,Nilam Ariestanti
,Octavianus Yap
,Pengguna Google
,Dedi Purwanto
,Habib Aljufri Rahman
,A M N
,Sholiha Nisa
,Pengguna Google
,Pengguna Google
,Mutiara Ayunda
,Pengguna Google
,Sarah Jasiyah Hakim
,Rachmawati Nurmala
,Ramdhan Afrizal
,Choes Hebat
,Pengguna Google
,Anggar Wismana
,Karisma Ayu
,MJSulbar
,Kang Viray
,Pengguna Google
,Pengguna Google
,Pengguna Google
,Eliana Park
,Dennis Alfaris
,Pengguna Google
,Pengguna Google
,Pengguna Google
,Fatih Wijaya
,Rani “Evi oktavia” Maharani
,Pengguna Google
,Marti Ningsih
,Pengguna Google
,Don don
,Oppo A16
,Nirmala Dewi
,fatYaa Syamlan
,Pengguna Google
,Pengguna Google
,Pengguna Google
,Pengguna Google
,Edo Bagus Prakoso
,"Casnata ,SH"
,Lia Yuliati
,Pengguna Google
,joko mukti
,Sabrina Salsabila Utama
,Pengguna Google
,Ginan Muhammad ridwan
,muzaki amin
,Wiwit Puryawati
,Pengguna Google
,Aku kalir Kalir
,Pengguna Google
,Pengguna Google
,Pengguna Google
,Abdul Karim
,Pengguna Google
,Pengguna Google
,Pecinta Kuliner
,Alifia Putri Nabila
,Sugeng Sugara
,Aldi Ekaputra
,Pengguna Google
,eko sarjito
,Pengguna Google
,Pengguna Google
,the logok
,Pengguna Google
,Benny Roland Nababan
,naphis _95
,Malaaa ml
,Azka Zora Al fahrezy
,Pengguna Google
,Putri Wulandari
,Nuthing Thing
,desti undari
,Pengguna Google
,Pengguna Google
,Miftahul rizqa
,Yudi Ilham
,Prasetyo Nugroho
,Pengguna Google
,Pengguna Google
,Pengguna Google
,Pengguna Google
,Paulina Doang
,bazara wanwin
,nursaida simamora
,Pengguna Google
,Pengguna Google
,Ana Lola
,Ai Rosita
,Ice Soup
,Pengguna Google
,Kamilia Salfina
,Luji Asri
,Rona Titah
,Pengguna Google
,Pengguna Google
,Pengguna Google
,anpra global 91
,Pengguna Google
,Pengguna Google
,Pengguna Google
,Boy Ales
,Cintia Mahasari
,Pengguna Google
,Anggun Rizka
,Pengguna Google
,Pengguna Google
,Pengguna Google
,Zex Thorns
,Bregezz Jhee
,yati patricia
,Wahida Abhan
,Imin Rohimin
,Pengguna Google
,benindya rahardjo
,Inawaty Benny
,Selvi Yana
,Pengguna Google
,Pengguna Google
,Pengguna Google
,Pengguna Google
,Pengguna Google
,Pengguna Google
,Pengguna Google
,Pengguna Google
,Pengguna Google
,Youyo gaming
,Sony Novanto
,Nur Hamid Sutanto
,Jani Wijaya Prasetio
,Rifky Rasya
,Pengguna Google
,Marsudi Utomo
,Riska Ardiana
,Pengguna Google
,Pengguna Google
,SOpLay Gaming
,Pengguna Google
,Nafiah New
,Tarmadi Sementhe
,Muhamad Jainuri
,Darma 11
,Pengguna Google
,Pengguna Google
,Alika almaida
,Excellent
,Raihan Alwanza
,Diah Kesuma
,Pengguna Google
,Pengguna Google
,devina Nur Oktaviani
,Mas nabil
,Morina Sebanyang
,Hud Hani Dhiya
,Retno Widyarti
,Dhea
,Pengguna Google
,Dimas Fitra
,Lukman M
,Pengguna Google
,Nisa Pigasus
,Pengguna Google
,Muhammad Arif Hangan Bagus P
,Monica Anggi
,Opita Sandra1202
,Yuni Anggraeni
,ailul mastika
,Mujio
,Nabilla Harmienna Putri Raban
,Uli Silalahi
,Eko Yanti
,Ibnu Muhammad
,ali attour al maliki
,shindu dewanata
,Wahyuni Susilowati
,Marie Maulana
,Dirgha
,Angkasa Raya Motor
,Bram Suster
,Jestina Lydiaa
,With You
,Kill 8
,Teguh Turnip
,Darman Pandi
,deli pratama
,Noval Fariz
,Bobby Bobby
,Uke Aris
,Mega Purnomo
,Jaka Kendil
,Bunga Merah
,Save Elkan
,PA Classic
,Atep Rukmana Atep
,Adellia choirunnisa Maharani
,Indala Berkah bersama
,Dian Sastro
,Heru Apriyanto
,Nung Wida
,La Qsra
,Pengguna Google
,"DICLVX 66_1,618"
,tegar 28
,Rwin Win
,Bayu Saputra
,lenna tan
,Ape Loe
,Jangkrikalam01
,Nurevida Evi
,Widi Astuti
,Naufal Dirgantara
,Maulananur hdyt
,Irma Dani
,Novi Andriani
,Ariya Amelia
,add sya
,Ceplok Rajagoda
,Adliqani Bassaman
,Utomo Hari Janu
,Hendrix Rock
,Refan Rashid
,Yoona _
,Jingga Jil Carissa
,Oky Keceng42
,hah!?
,Darman Tjen
,Emi Spy
,rami siahaan
,Elvira Damayanti
,Saiful Mukhlishin
,Yeni User
,Seno AN
,warno 07
,Tria Agustini
,Fitria Kusumawati
,Fitriani
,Verry Hanafi
,Bayu Indra Syahputra
,Alex Sandria
,agus sukoyo93
,Abil Sidik
,lazuardi imani
,Yunsi Nosa
,Risna Wati az-zahra
,Amelia Dana Sari
,Zainal Fattah
,Resa Anisa
,Daniel Ardo Saputra
,Randy Saputra
,Ana Syaih
,Nana Trixie
,Pengguna Google
,Chandra Widya Nugraha
,Pengguna Google
,diana yusuf
,Agnes Selvinia
,Mr. Botax (Ari telor)
,MidoriTachi Sama
,Susan She
,Pengguna Google
,Pengguna Google
,Yiying Sasmita
,Alvaro
,Pengguna Google
,musa juarsa
,Pengguna Google
,retno hariani
,Pengguna Google
,Maryudi Aflah
,Pengguna Google
,Pengguna Google
,Eni Manis
,Gun Gledex
,Pengguna Google
,Alvin Rizky
,Arsyila chayra
,ikhsana aja
,Susanti Indriani
,Pengguna Google
,Risa Dofie
,Pengguna Google
,Bondan SkyyjY
,Pengguna Google
,Vina Windi
,Pengguna Google
,Artyfiandra Pratama
,Harno Firenze
,Windaanugerah Aqila
,agun niardi
,Pengguna Google
,Nurhayati Arahim
,dewa sanjaya
,Pengguna Google
,Pengguna Google
,Desya Widyastuti
,Lisa Tobing
,Ahmad Bustomi
,Pengguna Google
,Rika Apps
,Erna Wati
,Nurdiana Saputri
,Pengguna Google
,Pengguna Google
,chandra widya
,Lutfi Widya
,Pacay
,Pengguna Google
,Pengguna Google
,Nizar Ramadhan
