waktu review,0
,2023-04-04 13:13:40
,2023-04-27 16:32:44
,2023-03-04 04:35:52
,2023-05-16 03:00:32
,2023-03-04 12:34:07
,2023-05-07 07:04:37
,2023-04-18 03:38:38
,2023-05-03 07:53:51
,2023-05-06 12:47:55
,2023-05-09 03:18:09
,2023-05-14 07:31:19
,2023-05-11 11:13:09
,2023-05-04 09:54:01
,2023-05-15 07:13:04
,2023-05-04 01:25:13
,2023-05-14 07:21:01
,2023-05-15 06:52:51
,2023-05-14 17:31:37
,2023-05-03 11:28:59
,2023-05-09 23:34:51
,2023-05-04 23:06:53
,2023-05-09 08:56:21
,2023-05-17 12:21:16
,2023-05-13 23:20:32
,2023-05-02 10:43:17
,2023-05-13 13:51:49
,2023-05-15 02:40:47
,2023-05-03 06:30:04
,2023-05-05 12:35:39
,2023-05-15 19:39:09
,2023-05-12 10:30:49
,2023-05-10 20:43:39
,2023-05-13 07:39:33
,2023-05-07 11:14:24
,2023-05-09 11:51:12
,2023-03-12 11:43:55
,2023-05-06 09:40:30
,2023-05-15 11:19:50
,2023-04-06 03:43:14
,2023-03-22 00:43:33
,2023-04-24 23:38:40
,2023-05-05 07:56:22
,2023-03-23 01:28:55
,2023-05-15 12:10:28
,2023-03-25 10:57:02
,2023-05-16 13:23:57
,2023-05-08 12:06:54
,2023-05-14 05:56:35
,2023-04-17 04:33:53
,2023-04-18 15:03:14
,2023-04-29 23:53:54
,2023-05-04 13:28:20
,2023-05-02 07:56:01
,2023-05-08 02:56:15
,2023-05-10 12:20:35
,2023-05-11 06:17:59
,2023-05-04 06:39:29
,2023-05-05 07:44:14
,2023-05-14 12:05:01
,2023-05-14 11:43:33
,2023-04-29 19:31:00
,2023-05-07 04:37:54
,2023-04-29 11:32:34
,2023-05-04 23:24:32
,2023-04-21 14:27:51
,2023-05-16 00:29:25
,2023-04-27 04:12:25
,2023-04-24 11:37:02
,2023-04-22 16:48:50
,2023-04-28 05:42:10
,2023-04-23 13:29:14
,2023-04-23 03:13:07
,2023-04-26 12:01:54
,2023-04-30 07:21:30
,2023-04-23 12:45:47
,2023-04-23 04:07:44
,2023-04-27 11:21:00
,2023-04-25 14:43:08
,2023-04-25 03:24:27
,2023-04-29 11:39:31
,2023-05-02 09:50:26
,2023-04-22 17:30:23
,2023-04-22 04:17:36
,2023-04-20 07:14:51
,2023-05-13 01:57:04
,2023-04-30 09:34:16
,2023-05-03 04:03:49
,2023-04-22 13:06:49
,2023-02-28 11:05:01
,2023-04-05 04:49:51
,2023-03-25 04:15:12
,2023-04-08 09:39:26
,2023-04-11 05:25:58
,2023-03-04 07:15:22
,2023-03-17 22:59:12
,2023-03-07 02:14:02
,2023-03-13 00:11:45
,2023-04-16 12:25:20
,2023-04-02 21:41:15
,2023-04-15 05:56:30
,2023-04-18 06:25:36
,2023-03-20 06:21:15
,2023-04-04 06:44:33
,2023-04-15 05:34:21
,2023-04-17 13:28:01
,2023-04-09 14:25:50
,2023-03-14 07:48:23
,2023-03-15 01:32:05
,2023-03-24 06:08:19
,2023-04-15 10:12:15
,2023-04-06 10:10:35
,2023-03-13 07:22:39
,2023-03-27 17:30:15
,2023-03-10 23:45:45
,2023-04-02 05:50:42
,2023-03-10 15:52:21
,2023-03-27 10:02:11
,2023-03-29 04:39:50
,2023-04-17 09:52:03
,2023-03-24 17:25:49
,2023-02-25 10:16:41
,2023-03-05 01:57:55
,2023-03-13 10:24:27
,2023-03-15 16:35:15
,2023-03-18 11:18:29
,2023-03-09 15:50:36
,2023-03-24 01:36:05
,2023-03-10 07:51:28
,2023-03-09 06:24:55
,2023-03-10 10:01:24
,2023-03-17 03:48:27
,2023-04-16 14:12:49
,2023-03-11 14:18:33
,2023-03-22 04:51:59
,2023-03-31 13:21:12
,2023-04-11 00:32:17
,2023-03-05 01:24:27
,2023-03-05 06:27:01
,2023-04-12 09:54:59
,2023-03-05 10:22:57
,2023-03-06 11:27:34
,2023-03-01 07:21:33
,2023-03-05 14:42:18
,2023-03-02 09:13:53
,2023-02-26 22:46:56
,2023-04-16 06:51:21
,2023-03-02 11:26:34
,2023-03-29 08:51:07
,2023-05-12 11:34:35
,2023-04-23 18:32:16
,2023-03-12 02:18:10
,2023-04-21 01:17:44
,2023-05-14 11:17:36
,2023-01-16 12:56:05
,2023-05-02 03:58:26
,2023-04-20 15:50:21
,2023-05-03 07:48:20
,2023-05-06 01:46:41
,2023-04-12 09:50:35
,2023-05-13 23:13:22
,2023-04-25 14:06:03
,2023-04-06 02:59:37
,2023-03-19 16:01:17
,2023-05-12 04:17:27
,2023-04-07 11:15:57
,2023-04-28 09:54:40
,2023-05-12 06:15:26
,2023-05-03 06:26:01
,2023-04-25 06:20:46
,2023-03-03 06:29:07
,2023-05-13 10:18:34
,2023-05-06 06:17:06
,2023-05-13 13:12:25
,2023-04-17 09:51:24
,2023-03-14 09:49:06
,2023-04-26 01:09:48
,2023-04-15 06:28:10
,2023-04-27 22:20:29
,2023-03-30 05:37:59
,2023-04-02 00:50:03
,2023-05-12 13:53:19
,2023-03-25 04:41:42
,2023-03-16 03:48:38
,2023-04-04 16:22:21
,2023-04-12 04:45:18
,2023-04-10 12:41:38
,2023-03-10 13:42:27
,2023-05-11 17:48:17
,2023-04-27 13:44:59
,2023-05-13 13:26:46
,2023-05-12 04:10:20
,2023-02-28 15:24:24
,2023-04-10 11:40:18
,2023-05-16 05:25:13
,2023-04-27 12:47:33
,2023-05-08 05:51:47
,2023-03-20 15:16:30
,2023-04-19 03:29:31
,2023-03-18 11:18:46
,2023-04-06 08:52:08
,2023-04-25 15:33:34
,2023-03-01 11:53:13
,2023-03-13 04:02:40
,2023-04-18 05:05:46
,2023-03-29 16:49:21
,2023-03-05 23:24:54
,2023-03-30 23:04:08
,2023-04-19 11:07:07
,2023-05-15 03:56:28
,2023-03-30 12:35:28
,2023-04-15 09:04:02
,2023-05-12 14:32:54
,2023-03-23 22:55:26
,2023-05-05 02:26:30
,2023-04-07 00:25:28
,2023-04-23 11:21:53
,2023-03-12 02:02:28
,2023-03-17 10:49:57
,2023-03-24 12:09:15
,2023-03-20 04:40:22
,2023-04-12 12:05:43
,2023-03-15 11:42:27
,2023-04-30 03:23:18
,2023-05-04 04:59:52
,2023-03-28 07:28:22
,2023-04-28 03:33:55
,2023-03-18 09:24:17
,2023-04-01 12:34:36
,2023-02-20 04:13:50
,2023-04-27 05:47:56
,2023-04-10 06:24:52
,2023-04-22 03:53:48
,2023-05-06 11:15:27
,2023-03-21 10:15:03
,2023-03-31 06:00:41
,2023-04-25 15:01:16
,2023-03-18 00:18:13
,2023-03-28 09:28:01
,2023-05-08 18:45:39
,2023-03-05 10:21:29
,2023-03-20 09:48:03
,2023-05-13 15:23:53
,2023-05-09 08:40:40
,2023-05-01 17:30:09
,2023-03-26 15:45:08
,2023-03-25 02:48:29
,2023-04-12 09:49:03
,2022-12-03 03:43:53
,2023-03-19 13:57:58
,2023-05-04 11:38:29
,2023-04-09 13:55:17
,2023-03-04 23:28:07
,2023-05-15 01:38:13
,2023-05-06 11:44:31
,2023-05-17 03:04:52
,2023-05-14 01:29:30
,2023-03-07 23:48:48
,2023-03-19 21:42:09
,2023-03-06 08:20:17
,2023-05-13 06:24:53
,2023-02-09 04:54:55
,2023-04-21 18:50:27
,2023-03-04 01:53:44
,2023-04-28 13:35:35
,2023-03-27 16:00:19
,2023-05-07 02:46:20
,2023-05-06 07:12:09
,2023-05-10 10:06:30
,2023-03-19 23:06:35
,2023-05-15 14:54:14
,2023-05-14 18:12:14
,2023-03-20 12:16:09
,2023-04-30 02:50:08
,2023-05-05 17:39:53
,2023-05-07 22:24:41
,2023-05-16 09:03:12
,2023-05-12 11:36:59
,2023-05-10 03:48:57
,2023-05-13 00:47:55
,2023-05-08 04:52:50
,2023-05-16 00:04:38
,2023-05-11 14:20:09
,2023-05-03 03:12:29
,2023-05-10 05:23:54
,2023-05-12 05:36:53
,2023-05-01 08:26:45
,2023-05-14 09:16:28
,2023-05-13 09:38:52
,2023-04-29 21:12:14
,2023-05-06 01:57:17
,2023-05-07 01:02:25
,2023-05-06 01:08:16
,2023-05-14 17:40:10
,2023-05-08 01:38:42
,2023-05-10 13:11:25
,2023-05-14 11:20:47
,2023-05-08 12:45:06
,2023-05-06 09:54:04
,2023-04-30 03:11:31
,2023-05-02 03:10:23
,2023-05-10 09:24:13
,2023-05-06 00:00:58
,2023-05-01 13:05:22
,2023-05-12 12:24:30
,2023-05-09 08:38:19
,2023-04-28 10:04:31
,2023-03-25 03:44:59
,2023-04-13 10:21:23
,2023-04-10 17:29:31
,2023-05-06 00:16:04
,2023-01-14 06:03:36
,2023-04-07 07:25:58
,2023-03-28 03:57:54
,2023-03-19 02:46:57
,2023-04-15 17:50:20
,2023-03-16 05:25:51
,2023-04-20 01:39:27
,2023-04-29 03:31:20
,2023-05-14 11:17:59
,2023-05-08 07:30:52
,2023-05-07 23:57:47
,2023-02-09 03:26:49
,2023-04-23 05:38:43
,2023-04-28 10:36:18
,2023-04-24 07:42:12
,2023-01-01 07:18:39
,2022-11-24 11:54:54
,2023-04-26 05:20:32
,2023-04-05 18:41:07
,2023-03-20 11:12:11
,2023-03-06 23:34:38
,2022-12-04 19:44:02
,2022-12-30 00:55:12
,2023-05-12 06:23:13
,2023-05-04 14:29:48
,2023-05-06 12:59:38
,2022-12-11 03:57:11
,2023-04-23 10:52:10
,2023-03-11 04:25:23
,2023-03-27 04:33:16
,2023-05-07 08:54:06
,2023-03-26 03:11:47
,2023-04-29 11:37:32
,2023-04-11 20:40:50
,2023-04-14 12:08:48
,2023-05-14 10:58:36
,2023-04-27 17:02:26
,2023-04-02 14:23:04
,2023-03-24 02:11:32
,2023-04-24 05:02:30
,2023-03-05 06:16:19
,2023-04-13 04:18:44
,2023-04-12 09:20:21
,2023-05-01 11:55:40
,2023-05-07 07:07:55
,2023-05-08 00:35:54
,2023-05-06 10:53:16
,2023-05-11 05:38:36
,2023-05-06 13:29:49
,2023-05-06 05:07:57
,2023-03-03 13:40:50
,2023-04-23 07:52:34
,2023-03-07 19:17:23
,2023-05-06 23:19:00
,2023-03-11 10:15:31
,2023-05-08 07:01:41
,2023-03-18 13:05:50
,2023-04-24 09:10:45
,2023-03-28 09:03:12
,2023-03-25 09:25:04
,2023-04-04 09:13:38
,2023-03-29 16:52:54
,2022-12-22 22:00:46
,2023-03-02 11:17:26
,2023-05-07 14:29:40
,2023-03-08 05:40:41
,2023-04-22 02:14:56
,2023-05-07 10:28:03
,2023-05-16 13:11:45
,2023-05-14 10:16:53
,2023-03-14 06:11:48
,2023-05-06 09:34:02
,2023-05-07 09:14:03
,2023-04-23 03:53:48
,2023-05-11 15:38:43
,2023-03-22 09:44:47
,2023-04-29 17:06:28
,2023-04-29 12:13:12
,2023-05-02 08:09:21
,2023-04-10 04:20:52
,2023-04-08 10:24:24
,2023-02-15 20:03:42
,2023-03-23 01:34:59
,2023-04-10 01:02:51
,2023-02-27 20:08:08
,2023-02-27 04:21:15
,2023-02-22 05:21:41
,2023-02-19 06:05:51
,2023-02-18 18:45:14
,2023-03-01 12:35:57
,2023-02-28 09:18:03
,2023-03-20 05:38:10
,2023-02-28 06:22:33
,2023-02-19 07:08:14
,2023-03-08 16:04:57
,2023-02-23 14:50:51
,2023-02-24 13:36:37
,2023-02-27 00:04:42
,2023-03-23 01:06:41
,2023-03-08 18:09:33
,2023-02-25 07:51:34
,2023-02-24 11:57:45
,2023-03-30 07:41:29
,2023-03-25 06:27:39
,2023-03-12 03:57:10
,2023-04-29 10:20:38
,2023-03-03 07:29:32
,2023-05-06 13:46:30
,2023-04-10 14:08:04
,2023-03-05 07:47:59
,2023-05-12 12:12:17
,2023-04-27 07:24:21
,2023-04-22 23:49:02
,2023-05-07 09:35:49
,2023-05-02 03:37:02
,2023-05-03 12:21:20
,2023-04-25 17:28:43
,2023-04-24 12:27:24
,2023-05-06 05:21:37
,2023-04-26 06:52:21
,2023-05-08 05:12:40
,2023-03-19 08:51:44
,2023-05-06 08:12:11
,2023-04-22 07:50:34
,2023-05-11 11:02:03
,2023-03-05 08:17:43
,2023-04-06 13:53:26
,2023-03-16 17:52:19
,2023-04-11 11:42:06
,2023-04-14 12:12:49
,2023-05-14 01:05:13
,2023-04-28 09:39:40
,2023-04-24 04:14:52
,2023-03-22 01:40:40
,2023-04-28 12:55:59
,2023-04-21 04:11:04
,2023-04-23 03:11:11
,2023-04-20 03:42:49
,2023-04-23 13:35:13
,2023-04-29 08:52:17
,2023-04-21 04:47:17
,2023-05-09 00:06:43
,2023-04-30 13:05:13
,2023-04-25 04:48:30
,2023-04-30 01:51:47
,2023-04-25 15:14:27
,2023-04-22 11:38:59
,2023-04-24 13:27:03
,2023-04-23 06:29:16
,2023-04-26 13:58:53
,2023-04-22 03:09:35
,2023-04-24 14:00:11
,2023-04-29 14:58:38
,2023-05-03 05:40:57
,2023-04-29 12:02:09
,2023-04-24 01:53:16
,2023-04-30 01:41:46
,2023-04-24 06:55:07
,2023-05-04 10:08:20
,2023-04-24 11:12:13
,2023-05-03 13:10:01
,2023-04-25 19:32:20
,2023-04-27 15:04:29
,2023-04-28 03:37:00
,2023-04-27 07:21:17
,2023-04-20 01:41:49
,2023-04-28 02:18:02
,2023-04-29 02:51:42
,2023-04-17 10:12:59
,2023-05-03 12:45:02
,2023-04-24 14:42:02
,2023-04-14 00:42:17
,2023-05-01 10:39:24
,2023-05-15 22:20:53
,2023-05-07 12:54:15
,2023-03-30 10:04:01
,2023-04-20 11:31:54
,2023-04-28 18:29:46
,2023-03-05 16:34:00
,2023-03-20 07:57:22
,2023-04-18 13:46:46
,2023-04-24 23:09:11
,2023-05-15 15:47:29
,2023-02-28 11:09:27
,2023-03-20 20:12:21
,2023-03-09 01:15:59
,2023-04-30 01:28:39
,2023-05-02 12:19:35
,2023-04-28 14:21:25
,2023-05-16 01:29:59
,2023-04-17 06:07:28
,2023-05-15 13:08:44
,2023-05-05 11:30:01
,2023-05-13 12:37:05
,2023-03-17 04:16:14
,2023-02-28 03:40:24
,2023-05-14 06:58:02
,2023-05-14 13:52:10
,2023-03-18 13:03:03
,2023-04-17 10:27:54
,2023-05-01 15:30:43
,2023-03-28 02:14:19
,2023-03-04 20:47:43
,2023-03-06 23:40:50
,2023-03-03 10:07:35
,2023-03-22 08:33:11
,2023-03-08 09:25:00
,2023-03-16 05:04:44
,2023-03-27 22:15:52
,2023-03-23 00:59:48
,2023-03-02 08:24:16
,2023-04-01 18:42:51
,2023-04-07 21:23:50
,2023-04-11 16:55:58
,2023-04-01 00:16:26
,2023-04-10 15:56:06
,2023-02-27 21:37:23
,2023-03-31 01:09:13
,2023-02-26 04:58:21
,2023-03-25 01:48:13
,2023-03-04 04:16:49
,2023-03-08 03:04:29
,2023-03-30 06:34:55
,2023-04-17 10:45:08
,2023-03-01 22:03:48
,2023-03-25 11:33:52
,2023-02-27 14:58:23
,2023-04-08 06:57:43
,2023-04-09 02:25:16
,2023-04-14 00:48:47
,2023-03-04 13:01:15
,2023-03-19 07:19:46
,2023-03-13 12:44:21
,2023-03-20 00:53:32
,2023-04-06 02:05:09
,2023-04-18 06:02:19
,2023-04-04 10:04:25
,2023-04-14 23:39:29
,2023-04-14 04:07:20
,2023-03-20 13:49:05
,2023-04-16 23:45:53
,2023-03-30 03:56:13
,2023-03-30 16:47:30
,2023-03-30 13:58:59
,2023-03-06 09:31:25
,2023-04-07 23:49:34
,2023-03-19 06:15:14
,2023-04-14 08:10:21
,2023-04-09 16:33:41
,2023-03-11 07:15:48
,2023-04-09 05:19:17
,2023-03-18 01:05:10
,2023-03-17 08:38:03
,2023-03-10 11:32:13
,2023-04-04 08:53:44
,2023-03-30 22:53:07
,2023-03-23 16:41:49
,2023-03-23 12:02:34
,2023-03-31 19:38:27
,2023-03-16 09:51:58
,2023-03-02 23:38:29
,2023-02-25 06:11:02
,2023-04-05 04:25:05
,2023-04-13 11:23:08
,2023-03-09 15:31:58
,2023-03-22 23:41:48
,2023-02-25 14:04:28
,2023-04-06 07:21:40
,2023-04-02 04:18:52
,2023-03-04 13:35:29
,2023-04-19 12:07:57
,2023-04-06 10:46:51
,2023-03-21 02:46:11
,2023-04-11 05:07:55
,2023-04-17 01:16:47
,2023-04-06 02:48:08
,2023-02-28 06:44:08
,2023-03-30 09:18:11
,2023-03-03 09:58:51
,2023-03-02 20:09:53
,2023-03-18 22:19:43
,2023-03-09 16:18:31
,2023-03-14 08:50:59
,2023-04-07 14:13:41
,2023-03-13 10:44:16
,2023-04-16 10:04:19
,2023-03-12 08:59:00
,2023-04-06 12:21:42
,2023-03-13 20:20:30
,2023-03-04 12:10:24
,2023-03-04 09:02:30
,2023-03-05 09:23:20
,2023-03-16 11:46:10
,2023-04-03 02:46:43
,2023-03-06 00:30:30
,2023-03-08 06:27:35
,2023-03-10 23:48:56
,2023-03-20 22:28:07
,2023-03-24 19:38:49
,2023-03-31 23:44:22
,2023-04-19 11:55:31
,2023-04-13 02:16:04
,2023-02-28 23:35:38
,2023-02-28 02:48:42
,2023-04-01 02:51:37
,2023-03-04 23:41:02
,2023-04-07 11:07:50
,2023-04-18 03:43:42
,2023-03-28 12:47:41
,2023-04-13 16:30:39
,2023-03-16 17:35:05
,2023-03-25 02:13:09
,2023-04-18 08:29:31
,2023-03-03 13:00:36
,2023-04-12 09:57:15
,2023-03-17 05:43:36
,2023-03-12 14:25:49
,2023-04-12 11:12:03
,2023-04-02 08:34:50
,2023-04-18 12:52:04
,2023-03-30 11:54:17
,2023-03-03 11:38:10
,2023-04-15 14:03:22
,2023-04-15 13:09:21
,2023-03-01 02:04:05
,2023-04-01 03:05:42
,2023-03-31 10:20:49
,2023-03-11 13:46:05
,2023-04-04 05:18:12
,2023-04-16 04:50:44
,2023-03-12 10:21:39
,2023-03-29 22:49:06
,2023-03-09 09:06:46
,2023-02-22 16:02:26
,2023-03-15 00:18:14
,2023-04-11 12:30:56
,2023-05-04 01:35:41
,2023-05-16 05:45:22
,2023-04-03 02:17:41
,2023-03-18 01:02:55
,2023-04-01 07:30:54
,2023-03-11 12:03:07
,2023-04-28 11:09:58
,2023-05-15 08:54:28
,2023-03-25 05:32:10
,2023-04-04 09:46:01
,2023-04-16 17:55:48
,2023-04-24 12:24:00
,2023-05-08 02:21:58
,2023-05-02 16:00:58
,2023-04-08 05:00:56
,2023-01-04 10:47:48
,2023-05-14 01:23:21
,2023-04-02 10:37:26
,2023-04-08 01:57:03
,2023-04-18 06:40:03
,2023-05-06 09:43:44
,2023-05-13 00:39:16
,2023-05-06 12:43:45
,2023-05-06 12:18:05
,2023-05-08 04:16:13
,2023-04-27 15:15:15
,2023-02-26 04:26:29
,2023-05-03 03:46:22
,2023-04-29 21:22:48
,2022-12-05 01:59:10
,2022-12-04 11:44:34
,2022-11-29 01:12:10
,2023-01-19 15:00:11
,2023-02-07 03:05:13
,2023-01-28 16:17:52
,2022-12-12 01:45:54
,2022-12-16 15:17:57
,2022-12-09 09:42:12
,2022-12-30 15:07:31
,2022-12-02 05:49:03
,2022-11-26 11:40:41
,2023-01-19 15:42:26
,2022-12-14 23:15:17
,2023-02-17 07:43:45
,2022-11-26 12:26:38
,2023-01-05 13:43:04
,2022-12-14 09:47:20
,2022-12-02 04:42:23
,2022-12-17 03:43:52
,2023-01-23 06:09:35
,2022-12-29 14:44:51
,2023-01-22 18:18:53
,2023-02-15 12:02:02
,2023-01-20 16:56:28
,2022-12-15 08:09:42
,2023-01-02 14:02:01
,2022-12-22 03:44:53
,2023-01-01 05:10:41
,2023-02-05 01:52:48
,2023-01-05 11:48:11
,2023-02-11 15:16:15
,2023-02-13 06:37:28
,2022-12-11 07:31:09
,2023-01-20 08:11:08
,2023-02-10 13:38:42
,2022-12-22 06:57:04
,2022-12-20 00:47:57
,2023-01-30 04:25:35
,2022-12-23 22:30:01
,2022-12-20 05:07:40
,2023-01-30 08:41:11
,2023-01-27 08:22:13
,2023-02-10 03:15:51
,2022-12-29 09:35:11
,2023-01-29 05:52:12
,2023-01-20 11:36:44
,2022-12-02 17:01:45
,2022-12-25 08:55:09
,2022-12-14 01:09:52
,2023-01-02 13:26:53
,2022-12-07 05:42:12
,2022-12-10 03:48:22
,2022-12-07 00:24:53
,2022-11-28 11:46:56
,2022-12-03 04:21:44
,2023-01-15 23:39:34
,2023-01-11 04:06:21
,2023-01-18 23:47:28
,2023-02-18 12:08:49
,2022-12-18 05:35:19
,2023-01-03 04:24:50
,2022-12-20 04:31:04
,2022-12-11 16:19:25
,2022-12-19 06:42:07
,2022-12-31 14:57:39
,2023-01-02 12:23:04
,2023-01-02 06:56:32
,2023-01-04 02:11:59
,2023-01-27 00:15:33
,2022-12-22 01:09:42
,2023-02-02 10:23:36
,2022-12-29 11:42:55
,2022-12-10 15:38:57
,2022-12-26 09:02:21
,2023-01-23 10:13:25
,2022-11-26 13:01:23
,2022-12-16 09:24:22
,2022-12-11 15:26:27
,2023-01-17 05:58:08
,2023-01-06 14:09:40
,2022-12-08 00:08:13
,2023-01-22 08:44:01
,2023-02-02 10:00:44
,2022-11-26 22:23:15
,2023-02-04 07:08:05
,2022-12-03 12:41:58
,2023-02-13 15:36:02
,2023-01-01 11:36:32
,2023-01-15 10:26:34
,2022-12-09 10:14:15
,2023-01-24 13:34:13
,2022-12-09 09:33:25
,2023-01-07 16:08:45
,2023-01-17 06:17:09
,2023-02-14 14:13:21
,2023-02-08 02:28:06
,2023-01-28 11:33:13
,2023-01-23 19:19:29
,2023-02-01 14:04:35
,2022-12-07 10:48:25
,2022-12-17 06:04:28
,2022-12-20 08:58:00
,2023-01-17 20:37:08
,2023-02-08 00:38:25
,2023-02-12 12:32:14
,2023-01-28 11:56:22
,2023-01-06 04:02:47
,2023-01-07 14:04:31
,2022-11-30 06:33:42
,2023-02-01 12:33:24
,2023-01-14 12:16:15
,2023-02-10 15:55:07
,2023-01-02 11:51:27
,2023-02-04 09:15:29
,2023-01-01 13:49:44
,2023-01-01 23:56:55
,2022-12-03 00:53:18
,2023-02-07 06:51:44
,2023-02-04 15:08:45
,2022-12-25 03:04:34
,2023-01-08 05:11:12
,2023-01-25 02:34:16
,2023-01-01 11:56:55
,2022-12-11 16:27:48
,2022-11-29 07:05:46
,2023-01-12 06:51:04
,2022-12-18 05:25:49
,2023-01-11 11:43:06
,2023-01-21 06:31:05
,2023-02-08 07:15:38
,2023-02-17 11:25:02
,2023-04-01 12:41:18
,2023-04-05 21:40:13
,2022-12-04 03:47:16
,2023-04-01 05:32:10
,2023-02-11 14:56:05
,2023-04-28 15:27:16
,2023-04-17 07:11:41
,2023-02-20 08:27:18
,2023-03-16 23:53:12
,2023-04-18 00:46:50
,2023-04-24 09:02:03
,2023-03-18 12:54:02
,2023-04-30 06:11:09
,2023-03-07 15:22:32
,2023-03-27 00:55:57
,2023-04-25 16:57:52
,2023-01-12 09:17:45
,2023-02-22 14:33:27
,2023-03-16 00:51:49
,2023-05-07 11:10:57
,2023-04-17 02:54:32
,2023-03-22 08:58:22
,2023-05-14 16:42:05
,2023-05-15 23:07:51
,2023-03-03 08:13:03
,2023-03-10 15:16:03
,2023-04-14 06:47:23
,2023-01-15 02:43:32
,2023-04-09 10:37:27
,2023-04-17 06:25:48
,2022-12-01 02:49:20
,2023-05-15 07:54:06
,2023-01-16 03:30:21
,2022-12-13 11:37:57
,2023-04-19 13:11:35
,2023-02-26 11:53:31
,2023-03-09 11:47:18
,2023-04-15 04:51:44
,2023-04-13 03:35:12
,2023-04-27 02:48:03
,2023-05-11 11:03:05
,2023-03-10 10:37:30
,2023-04-26 09:41:26
,2022-12-12 08:49:49
,2023-04-15 23:08:33
,2023-03-03 06:57:03
,2023-04-29 02:43:44
,2023-03-25 05:00:16
,2023-02-13 04:15:00
,2023-03-15 09:27:31
,2023-05-11 05:42:52
,2023-03-15 08:39:18
,2023-05-06 07:25:48
,2023-03-01 04:36:01
,2023-04-29 02:41:15
,2023-04-26 10:16:38
,2023-04-19 11:44:08
,2023-05-06 22:28:48
,2023-04-13 00:51:20
,2023-03-13 13:46:23
,2022-12-24 03:19:39
,2022-12-04 00:36:36
,2023-01-31 07:43:02
,2023-04-12 04:50:50
,2023-03-17 13:57:26
,2023-03-18 13:42:47
,2023-05-09 04:34:47
,2023-05-06 05:06:58
,2023-04-27 07:15:46
,2023-04-25 16:51:09
,2023-04-15 14:04:29
,2023-02-24 06:20:00
,2023-03-04 02:41:49
,2023-04-25 15:51:18
,2023-04-14 13:38:57
,2023-05-03 14:16:51
,2023-03-20 11:37:40
,2023-03-05 23:15:14
,2023-02-25 12:46:08
,2023-04-18 07:24:00
,2023-04-23 08:37:05
,2023-03-13 09:01:35
,2023-02-05 08:14:13
,2023-03-28 16:49:43
,2023-02-18 06:17:50
,2023-03-03 03:11:12
,2023-05-12 10:35:13
,2023-03-05 17:08:52
,2023-04-30 05:39:29
,2023-05-05 12:10:24
,2023-03-04 04:54:09
,2022-12-30 17:36:16
,2023-05-07 13:40:48
,2023-01-20 05:49:59
,2023-03-17 06:28:23
,2023-05-08 11:56:15
,2022-11-26 05:02:26
,2023-02-14 15:18:18
,2023-04-01 20:44:12
,2023-02-04 15:16:09
,2022-12-14 00:55:13
,2023-03-07 13:52:07
,2023-01-31 09:35:39
,2023-03-16 05:25:13
,2023-02-26 16:32:54
,2023-03-14 06:21:05
,2023-01-07 06:24:38
,2023-04-11 10:40:57
,2023-04-14 00:09:56
,2023-03-24 14:21:50
,2022-12-14 17:44:03
,2023-04-08 15:17:59
,2023-03-13 02:37:04
,2023-05-14 08:17:51
,2023-02-10 14:06:51
,2023-02-09 16:09:18
,2022-12-30 03:20:44
,2023-04-03 14:07:40
,2023-03-05 06:49:18
,2023-04-02 11:35:00
,2023-03-17 02:52:10
,2023-05-03 11:50:08
,2023-05-12 13:40:16
,2023-02-05 21:49:08
,2023-03-02 03:32:44
,2023-03-21 14:32:12
,2023-04-28 19:24:08
,2023-03-16 13:45:18
,2022-12-02 09:00:32
,2022-12-22 10:23:42
,2023-03-07 10:31:39
,2022-12-26 14:21:56
,2023-04-09 18:44:13
,2023-02-02 11:43:51
,2023-04-03 05:32:37
,2022-12-28 07:12:50
,2023-01-13 13:08:00
,2023-03-02 10:37:58
,2023-03-08 03:22:12
,2023-03-07 09:33:23
,2022-12-20 06:38:18
,2023-03-18 09:16:31
,2022-12-18 12:46:50
,2023-05-01 03:40:33
,2023-04-18 08:00:40
,2023-03-19 05:00:01
,2023-05-17 03:04:29
,2023-05-06 04:23:33
,2023-05-09 06:41:13
,2023-04-30 14:51:47
,2023-02-27 12:12:12
,2023-01-06 06:40:21
,2023-04-22 15:14:25
,2023-02-13 12:25:49
,2023-04-24 15:05:45
,2023-02-09 12:24:54
,2023-05-11 15:27:42
,2023-03-05 12:32:27
,2023-05-09 10:09:55
,2023-05-17 08:41:23
,2023-04-19 19:59:47
,2023-02-13 16:55:23
,2023-03-16 11:35:46
,2023-04-24 23:36:37
,2023-04-15 11:14:01
,2023-03-12 15:42:19
,2022-12-18 07:37:47
,2023-02-28 15:18:14
,2023-03-18 15:04:19
,2023-03-13 03:11:08
,2023-01-21 11:03:15
,2023-04-21 20:03:54
,2023-05-09 07:46:00
,2023-01-27 05:24:30
,2023-01-03 07:23:05
,2023-02-27 00:08:26
,2022-12-18 10:59:18
,2023-01-19 13:47:13
,2023-05-05 07:21:31
,2023-04-28 13:15:23
,2023-05-10 06:21:37
,2023-03-15 07:41:04
,2023-02-13 00:54:34
,2023-04-13 21:32:48
,2023-01-21 16:33:34
,2023-05-10 11:55:19
,2023-05-03 05:31:45
,2023-04-20 08:57:33
,2023-04-30 06:47:16
,2022-12-26 15:12:51
,2023-04-24 00:42:47
,2023-04-05 01:46:16
,2023-03-13 05:49:37
,2023-02-28 21:32:50
,2023-05-11 14:06:21
,2023-03-13 09:10:25
,2023-03-15 06:38:58
,2023-04-24 14:53:01
,2023-04-21 00:32:17
,2023-01-04 11:02:50
,2023-01-31 04:13:04
,2023-04-26 08:07:38
,2023-04-17 21:23:12
,2022-12-31 05:16:56
,2023-03-23 06:25:30
,2023-02-01 10:16:51
,2023-03-03 02:05:20
,2023-03-05 21:37:36
,2023-03-06 06:02:51
,2023-05-01 14:21:10
,2023-02-24 14:56:27
,2023-05-14 05:34:41
,2023-02-27 11:59:20
,2022-11-27 11:22:29
,2023-01-25 22:33:57
,2023-04-01 06:38:44
,2023-02-02 04:48:42
,2023-04-06 10:03:55
,2023-04-19 16:41:47
,2023-05-03 09:04:55
,2023-04-18 10:09:46
,2023-04-11 14:47:08
,2023-03-27 09:57:17
,2023-01-27 06:39:47
,2023-05-04 16:00:27
,2023-03-20 05:45:11
,2023-03-17 11:14:57
,2022-11-25 07:51:59
,2023-04-22 06:15:03
,2023-03-28 14:55:12
,2022-12-12 11:01:22
,2023-01-27 16:14:37
,2023-01-14 10:15:10
,2023-03-23 14:10:22
,2023-04-17 09:55:44
,2023-03-02 12:56:47
,2023-01-04 03:06:30
,2023-03-18 14:55:39
,2023-03-27 09:33:57
,2023-02-21 16:30:13
,2023-03-21 11:35:47
,2023-04-03 05:58:13
,2023-04-19 05:28:02
,2023-05-11 10:33:07
,2023-02-19 07:37:20
,2023-04-10 09:11:41
,2023-04-20 03:25:46
,2023-03-04 17:43:48
,2023-03-23 20:26:44
,2023-02-02 16:06:26
,2023-01-23 12:32:47
,2023-01-06 23:21:56
,2023-05-01 09:09:54
,2023-05-03 07:44:48
,2023-03-10 13:12:44
,2023-04-05 15:21:39
,2023-02-02 06:02:08
,2023-02-22 23:07:14
,2022-12-12 09:04:09
,2023-03-16 02:46:42
,2023-02-23 06:56:40
,2023-01-29 14:24:05
,2023-04-21 09:15:09
,2022-12-30 00:17:54
,2023-04-30 21:45:24
,2023-02-15 01:22:40
,2023-05-09 11:50:00
,2023-03-09 11:45:05
,2023-02-14 07:23:24
,2023-04-01 08:35:31
,2022-12-04 11:21:59
,2023-02-11 12:24:26
,2023-01-15 07:54:07
,2023-04-14 10:05:34
,2023-05-05 11:16:05
,2023-04-25 13:19:58
,2023-03-24 22:56:55
,2023-04-27 02:11:30
,2023-04-22 11:18:15
,2022-12-23 09:59:09
,2023-03-24 09:01:32
,2023-03-01 00:20:38
,2023-05-05 08:11:10
,2022-12-16 02:14:38
,2023-04-18 01:57:51
,2023-04-22 07:24:04
,2023-03-05 07:58:57
,2023-05-03 01:19:08
,2023-04-08 02:39:48
,2022-11-29 09:29:02
,2023-05-01 06:47:12
,2023-01-03 07:58:50
,2023-05-11 05:06:44
,2023-02-15 15:38:42
,2023-04-19 06:36:00
,2023-02-08 09:24:14
,2022-12-07 18:38:34
,2023-01-21 08:16:22
,2023-04-26 06:19:07
,2023-04-08 10:46:58
,2023-01-21 11:52:00
,2023-05-06 01:34:31
,2023-05-14 12:45:09
,2023-04-28 00:21:35
,2023-04-01 03:49:39
,2023-03-04 05:20:57
,2023-05-16 10:50:26
,2023-04-04 08:44:14
,2023-05-01 14:08:15
,2023-04-09 06:41:01
,2023-04-04 13:25:20
,2023-02-23 10:03:18
,2023-02-19 06:07:19
,2023-04-10 02:50:25
,2023-03-26 09:03:35
,2023-04-17 10:21:50
,2023-02-20 12:07:29
,2023-05-10 17:28:54
,2023-02-28 02:00:22
,2023-01-01 20:12:29
,2023-03-31 13:35:37
,2023-04-17 07:55:37
,2023-02-21 08:31:17
,2023-03-06 18:40:09
,2023-04-22 13:42:52
,2023-04-12 06:05:13
,2023-01-13 10:58:28
,2022-12-04 00:57:25
,2023-02-20 15:39:43
,2023-01-14 09:59:21
,2023-03-07 09:25:10
,2023-04-11 05:56:02
,2023-01-17 01:19:45
,2022-12-15 06:56:30
,2022-12-30 02:18:17
,2023-01-15 07:53:45
,2023-03-20 09:02:25
,2023-04-10 10:06:11
,2023-02-25 13:27:12
,2023-01-05 12:40:46
,2023-03-16 13:15:04
,2023-04-22 11:19:08
,2023-05-03 16:24:47
,2023-04-20 01:31:41
,2023-03-10 07:55:47
,2023-05-15 12:49:02
,2023-03-15 13:58:51
,2023-05-08 14:28:10
,2023-03-06 14:22:34
,2023-03-18 03:25:27
,2023-05-02 12:34:14
,2023-01-25 15:49:55
,2023-02-24 12:56:26
,2023-05-12 10:24:36
,2023-03-30 06:53:46
,2023-05-05 05:36:40
,2023-05-08 10:13:58
,2023-04-21 07:23:10
,2023-05-05 03:38:47
,2023-03-31 11:33:51
,2023-05-07 10:21:35
,2023-03-01 08:16:18
,2023-04-06 03:26:54
,2023-02-16 09:20:43
,2023-03-26 23:36:15
,2023-05-05 08:02:41
,2023-03-15 12:18:39
,2023-05-14 12:44:13
,2023-02-21 09:21:40
,2022-12-26 17:08:29
,2023-04-30 10:49:10
,2022-12-24 07:01:59
,2023-04-30 07:00:16
,2023-03-21 08:29:14
,2023-03-31 07:16:07
,2023-05-11 10:52:19
,2023-05-05 05:40:43
,2023-05-10 20:03:42
,2023-01-05 11:51:53
,2023-04-19 03:07:29
,2022-12-04 01:46:57
,2023-03-14 21:42:28
,2023-04-17 10:49:22
,2023-03-13 02:51:20
,2023-03-24 06:23:11
,2023-02-04 10:13:07
,2023-04-20 23:00:16
,2023-03-07 12:14:57
,2023-04-18 10:30:35
,2023-01-21 23:43:10
,2023-03-16 11:34:55
,2022-12-29 01:21:48
,2023-01-07 19:55:54
,2023-03-05 12:06:01
,2023-04-13 15:22:10
,2023-03-05 20:43:50
,2023-04-04 03:08:42
,2023-05-06 16:39:58
,2023-01-02 14:29:56
,2023-05-09 06:14:09
,2022-12-31 02:57:05
,2023-02-26 11:10:28
,2022-11-30 06:37:33
,2023-04-24 06:15:02
,2023-05-16 07:26:33
,2023-05-03 04:23:19
,2023-03-13 07:10:38
,2023-04-17 00:06:13
,2023-03-12 23:20:13
,2023-01-08 05:54:29
,2023-04-26 11:46:05
,2023-03-29 08:19:13
,2022-12-23 15:19:54
,2023-03-19 06:43:20
,2023-05-11 11:42:02
,2023-04-18 10:35:21
,2023-03-05 03:25:16
,2023-03-21 11:50:24
,2023-04-08 11:17:57
,2023-04-16 02:50:45
,2023-02-20 02:47:02
,2023-01-24 08:18:20
,2022-11-30 06:13:20
,2022-11-26 10:11:04
,2023-03-07 08:47:15
,2023-05-01 05:03:42
,2023-05-08 04:38:23
,2023-03-30 22:05:22
,2022-12-21 12:16:05
,2022-11-29 06:22:47
,2023-04-17 09:20:27
,2023-04-15 03:02:29
,2023-04-28 09:28:58
,2023-05-07 11:51:17
,2023-01-21 05:05:45
,2023-03-15 00:44:08
,2022-12-23 13:18:24
,2023-04-05 03:51:21
,2023-04-30 10:43:52
,2023-05-13 15:40:52
,2023-05-12 11:49:01
,2023-05-16 01:50:04
,2023-05-13 15:32:06
,2023-05-01 01:16:13
,2023-04-27 06:11:26
,2023-04-30 23:29:32
,2023-05-08 12:58:59
,2023-05-16 15:34:31
,2023-05-05 07:37:23
,2023-05-05 14:44:43
,2023-05-02 18:34:04
,2023-05-06 05:01:35
,2023-04-26 13:02:57
,2023-04-29 12:25:49
,2023-04-29 07:52:23
,2023-05-10 00:22:18
,2023-05-16 13:38:19
,2023-05-03 23:22:52
,2023-05-07 05:07:17
,2023-05-10 08:04:33
,2023-05-06 21:50:51
,2023-05-03 08:34:08
,2023-05-14 20:09:48
,2023-05-01 09:50:13
,2023-05-14 12:51:55
,2023-04-30 12:49:04
,2023-05-11 09:36:13
,2023-05-16 23:39:32
,2023-05-09 10:12:16
,2023-05-03 02:53:46
,2023-05-14 08:22:16
,2023-04-30 14:21:09
,2023-05-07 08:43:31
,2023-05-15 02:23:30
,2023-05-01 00:03:48
,2023-05-13 04:34:19
,2023-05-13 09:31:40
,2023-05-10 07:07:42
,2023-05-10 03:20:41
,2023-04-27 04:53:00
,2023-05-11 00:20:41
,2023-05-10 09:30:17
,2023-05-15 17:15:53
,2023-05-07 18:18:03
,2023-05-07 05:50:50
,2023-05-11 03:37:07
,2023-04-29 10:10:45
,2023-05-14 19:28:53
,2023-05-13 07:17:22
,2023-05-04 14:29:08
,2023-05-08 09:16:06
,2023-04-29 03:17:55
,2023-05-05 08:54:37
,2023-05-09 06:48:48
,2023-04-30 04:52:56
,2023-05-14 06:03:09
,2023-05-05 15:51:48
,2023-05-08 12:10:50
,2023-05-11 09:32:26
,2023-05-08 02:40:44
,2023-05-09 11:23:29
,2023-03-28 13:27:41
,2023-05-07 00:37:26
,2023-05-09 05:37:31
,2023-05-01 07:40:42
,2023-05-06 11:29:12
,2023-05-10 03:11:44
,2023-05-15 06:46:47
,2023-05-17 03:30:51
,2023-04-30 13:50:03
,2023-05-04 02:00:43
,2023-05-10 11:42:09
,2023-05-13 02:45:06
,2023-05-07 11:57:44
,2023-05-06 18:32:23
,2023-05-06 06:08:42
,2023-05-08 02:17:03
,2023-05-12 16:08:28
,2023-05-07 08:39:11
,2023-05-12 17:26:33
,2023-05-14 09:46:17
,2023-05-17 03:38:24
,2023-05-13 07:49:52
,2023-05-06 23:52:57
,2023-05-16 13:12:53
,2023-05-13 15:37:06
,2023-05-09 08:24:55
,2023-05-09 05:14:50
,2023-05-12 06:24:01
,2023-05-08 05:05:44
,2023-05-12 13:00:38
,2023-04-30 03:42:04
,2023-05-16 16:38:30
,2023-05-06 07:00:16
,2023-05-14 03:25:50
,2023-04-28 13:02:35
,2023-05-02 01:09:24
,2023-05-15 13:25:09
,2023-05-16 02:51:17
,2023-05-08 23:27:00
,2023-05-02 19:40:45
,2023-05-07 04:46:41
,2023-05-08 08:04:47
,2023-05-09 15:17:14
,2023-05-01 11:36:52
,2023-05-13 06:48:42
,2023-03-24 14:53:22
,2023-05-17 08:39:28
,2023-05-13 01:35:16
,2023-05-17 01:55:25
,2023-05-13 10:28:44
,2023-05-06 06:46:34
,2023-05-15 09:08:05
,2023-05-14 04:29:22
,2023-05-10 03:03:06
,2023-05-05 03:20:55
,2023-05-17 09:44:20
,2022-12-12 07:06:34
,2023-05-09 14:07:43
,2023-05-11 14:44:52
,2023-03-15 18:15:43
,2023-03-05 17:53:53
,2023-01-13 12:27:11
,2023-04-03 08:17:59
,2023-04-11 04:29:27
,2023-03-28 01:12:50
,2023-04-30 10:45:10
,2023-04-30 10:40:05
,2022-12-21 23:52:00
,2023-02-09 11:11:21
,2023-04-29 03:16:49
,2022-12-19 00:10:11
,2023-04-24 12:00:18
,2023-04-28 13:01:50
,2023-03-02 04:52:59
,2023-03-13 01:38:40
,2023-01-28 07:55:22
,2023-03-07 18:39:38
,2023-03-18 22:44:28
,2023-02-28 03:00:44
,2023-03-20 10:30:33
,2023-03-08 08:47:09
,2023-04-12 06:32:15
,2021-05-08 07:45:35
,2022-12-01 02:21:15
,2022-12-12 00:08:58
,2021-01-12 04:47:07
,2023-03-04 04:10:24
,2023-05-04 04:15:22
,2023-03-12 01:48:52
,2023-04-20 12:41:47
,2023-04-06 10:45:43
,2023-05-09 16:44:04
,2023-05-10 02:39:38
,2022-11-29 14:30:51
,2023-03-04 00:33:30
,2023-02-13 20:54:04
,2023-01-04 12:10:45
,2022-12-26 18:15:57
,2023-04-10 02:53:30
,2023-05-15 11:40:10
,2023-04-28 13:11:41
,2020-01-21 04:28:45
,2023-02-06 03:12:56
,2023-02-14 08:57:12
,2023-03-13 05:07:37
,2022-12-10 01:58:56
,2023-04-12 09:13:51
,2023-03-07 18:25:55
,2023-03-16 04:29:13
,2023-03-30 03:14:53
,2023-05-05 05:46:51
,2023-04-20 19:11:32
,2019-05-31 15:01:13
,2020-06-05 02:11:25
,2019-12-18 12:48:34
,2020-07-07 22:35:36
,2020-02-19 01:57:27
,2019-05-15 00:09:49
,2020-09-07 02:39:27
,2019-12-17 08:15:39
,2019-10-23 13:37:52
,2020-12-01 08:32:14
,2020-02-18 00:05:25
,2020-02-15 05:18:17
,2022-06-26 10:42:32
,2019-12-21 09:26:09
,2019-08-09 19:31:12
,2022-09-29 12:40:26
,2021-02-24 02:21:04
,2021-09-19 07:11:05
,2020-01-11 07:02:58
,2020-09-04 03:25:59
,2019-07-05 10:17:24
,2019-07-08 12:06:39
,2022-04-25 04:30:17
,2019-09-21 09:21:50
,2019-06-13 14:44:07
,2021-04-26 18:09:30
,2019-05-21 07:15:00
,2019-04-07 03:20:08
,2019-07-28 15:23:21
,2019-04-04 04:56:00
,2018-11-18 23:56:44
,2020-02-06 06:34:46
,2022-11-13 09:52:58
,2019-02-14 13:55:14
,2018-09-19 06:03:54
,2022-07-13 11:12:30
,2022-05-31 14:00:35
,2022-06-20 13:13:25
,2022-07-29 07:12:49
,2022-05-21 08:02:44
,2019-06-15 09:14:08
,2023-03-04 04:35:40
,2023-03-08 01:19:43
,2023-04-24 17:10:39
,2022-11-30 08:23:44
,2022-12-15 20:28:11
,2023-03-10 06:11:31
,2023-03-19 07:11:25
,2023-02-20 09:10:02
,2022-12-28 22:35:35
,2023-04-01 01:45:49
,2019-12-22 12:31:33
,2023-04-28 03:42:39
,2023-03-18 04:05:21
,2023-01-01 08:09:22
,2022-12-17 12:53:32
,2023-03-28 19:55:07
,2023-03-03 03:59:48
,2023-01-26 01:55:03
,2022-06-06 01:24:38
,2023-04-22 06:50:10
,2023-03-15 10:10:46
,2022-08-16 02:56:10
,2023-03-01 03:01:38
,2023-05-15 17:12:54
,2023-04-25 09:30:27
,2023-04-18 08:40:44
,2023-05-06 10:54:52
,2022-06-03 17:28:26
,2023-03-11 11:12:14
,2019-02-04 06:34:15
,2023-03-12 10:23:14
,2023-01-17 00:21:38
,2023-04-18 14:15:48
,2023-04-23 04:30:28
,2023-05-05 16:04:09
,2023-04-10 10:02:45
,2023-05-10 12:59:31
,2023-01-01 15:24:18
,2022-05-27 04:54:42
,2023-04-22 12:01:36
,2023-04-16 10:24:11
,2023-04-15 07:48:06
,2022-12-02 03:14:33
,2023-04-25 14:24:02
,2023-02-28 14:39:36
,2023-03-31 15:52:07
,2023-02-23 07:09:34
,2023-03-25 01:24:37
,2022-12-30 07:24:38
,2022-12-23 06:05:16
,2023-03-06 14:27:17
,2023-03-06 13:26:58
,2023-05-11 07:48:14
,2023-02-21 13:53:03
,2023-03-15 06:14:58
,2023-02-07 12:14:46
,2023-02-18 07:15:25
,2023-03-31 13:49:25
,2022-12-21 13:04:06
,2023-04-08 10:39:05
,2022-12-30 08:36:51
,2023-05-01 08:20:26
,2023-04-15 06:24:59
,2023-04-12 07:49:41
,2023-05-06 16:30:02
,2022-11-26 09:21:43
,2023-02-28 12:07:42
,2023-03-10 00:22:30
,2023-02-20 01:56:20
,2023-02-27 06:11:08
,2023-05-12 08:16:42
,2023-01-19 05:32:22
,2023-04-20 00:03:50
,2022-12-01 21:50:21
,2019-12-30 13:25:03
,2022-12-24 11:28:33
,2023-01-21 13:45:36
,2021-08-08 06:34:35
,2019-12-24 14:23:29
,2018-10-03 17:55:40
,2023-03-25 00:39:04
,2021-10-17 15:03:29
,2019-04-11 12:58:22
,2019-01-14 23:39:00
,2020-06-26 09:26:20
,2019-09-07 14:45:33
,2019-04-11 03:38:36
,2021-04-25 13:15:20
,2018-09-30 03:44:27
,2019-08-16 02:38:06
,2022-12-18 12:24:18
,2019-07-21 06:18:43
,2021-07-23 07:24:59
,2020-09-07 01:32:50
,2023-05-15 23:40:53
,2019-01-17 11:58:38
,2020-03-24 12:13:23
,2019-10-24 23:28:14
,2019-09-23 12:07:09
,2019-11-14 12:08:06
,2020-02-07 02:36:24
,2023-03-01 05:40:49
,2019-12-27 10:30:15
,2023-02-24 10:00:56
,2018-12-06 09:58:58
,2023-05-09 02:29:24
,2023-04-13 20:06:07
,2023-03-02 00:45:13
,2023-04-12 14:34:06
,2023-04-24 02:29:35
,2023-03-13 06:35:47
,2023-04-11 11:30:16
,2023-05-06 08:36:09
,2023-04-22 15:38:44
,2023-01-17 11:53:04
,2023-05-04 06:20:27
,2023-02-14 06:51:19
,2023-04-02 22:52:23
,2022-12-21 15:43:57
,2023-01-03 05:42:54
,2023-01-11 00:19:19
,2023-04-01 12:52:50
,2020-07-28 10:13:52
,2019-07-18 11:56:08
,2023-02-01 01:38:21
,2019-05-23 13:39:36
,2023-04-14 13:36:33
,2018-10-22 10:27:04
,2023-01-20 10:50:58
,2023-05-13 14:54:59
,2023-04-01 10:43:22
,2022-12-31 03:44:02
,2023-05-08 07:06:02
,2023-03-14 12:16:26
,2023-01-17 14:50:46
,2023-05-01 03:18:14
,2023-05-07 13:30:37
,2023-04-19 11:32:35
,2023-04-03 06:38:27
,2023-05-07 02:05:12
,2023-05-09 17:05:44
,2023-04-30 01:09:41
,2023-05-03 12:33:39
,2023-04-22 12:00:33
,2023-04-24 08:49:16
,2023-05-14 09:18:08
,2023-05-08 11:50:50
,2023-05-12 09:28:46
,2023-04-20 02:54:54
,2023-02-19 08:17:40
,2023-05-16 14:09:44
,2023-05-06 23:56:03
,2023-05-09 07:53:05
,2023-05-05 12:36:06
,2023-03-16 07:11:07
,2022-12-25 17:08:18
,2019-06-10 03:26:22
,2023-03-01 12:14:03
,2023-04-14 09:31:11
,2023-05-14 09:43:42
,2023-01-04 05:09:44
,2023-01-26 13:34:45
,2023-04-30 15:05:24
,2023-05-15 14:54:46
,2023-02-23 00:05:30
,2023-04-08 13:41:16
,2023-05-02 01:04:27
,2022-12-31 03:52:56
,2023-01-01 13:59:31
,2023-05-04 02:28:08
,2023-01-10 16:27:42
,2023-05-05 10:10:18
,2023-02-26 03:06:46
,2023-04-01 06:14:07
,2023-01-07 13:00:35
,2023-05-02 10:15:36
,2023-02-21 06:38:21
,2023-05-14 06:18:06
,2023-05-15 22:37:40
,2022-09-07 13:05:12
,2022-10-16 22:13:51
,2023-03-25 18:08:48
,2023-02-26 07:00:42
,2023-05-15 03:16:44
,2022-12-04 11:39:28
,2023-03-07 20:53:40
,2023-04-26 12:50:37
,2018-09-17 12:01:43
,2020-12-15 14:53:15
,2018-10-19 05:33:59
,2021-04-11 06:41:04
,2021-01-16 08:41:38
,2018-09-14 02:20:19
,2020-01-31 15:25:37
,2019-11-30 10:09:05
,2019-03-30 05:31:58
,2020-01-03 14:07:07
,2020-02-23 05:00:13
,2019-07-01 09:31:06
,2023-04-07 07:07:39
,2020-10-16 07:12:17
,2020-10-17 12:07:24
,2020-01-28 04:43:43
,2018-10-03 09:25:55
,2023-03-01 01:34:33
,2020-12-03 02:09:52
,2023-01-25 05:48:57
,2023-01-03 06:53:20
,2018-12-08 15:25:11
,2023-04-01 02:38:21
,2023-05-15 22:59:46
,2022-12-16 11:10:33
,2023-04-17 11:26:29
,2019-01-24 07:45:16
,2023-04-12 18:16:55
,2018-12-01 00:20:12
,2023-04-11 11:51:35
,2019-11-19 05:49:54
,2023-05-12 02:58:04
,2018-12-01 02:31:19
,2019-10-14 12:51:05
,2022-12-22 05:03:04
,2023-03-16 14:26:24
,2023-01-21 14:56:51
,2023-02-28 08:18:02
,2023-04-13 14:52:42
,2023-04-26 10:04:04
,2023-01-01 09:57:10
,2023-02-22 13:19:05
,2023-03-29 21:45:55
,2023-04-13 15:58:21
,2023-05-07 03:42:00
,2023-03-14 03:38:21
,2023-05-15 12:40:34
,2023-04-21 03:18:52
,2023-03-24 08:26:17
,2020-01-19 10:54:16
,2023-03-28 07:45:58
,2023-03-28 13:36:13
,2023-04-26 10:24:31
,2018-11-10 03:17:35
,2023-05-17 01:55:35
,2023-05-11 09:36:09
,2022-12-29 13:14:08
,2023-02-08 06:47:36
,2023-05-07 21:03:33
,2023-02-26 19:32:24
,2023-05-04 06:15:32
,2022-12-21 01:59:10
,2022-06-03 03:45:43
,2023-02-26 21:52:15
,2019-03-06 02:13:33
,2023-03-03 00:51:50
,2023-04-05 01:03:20
,2023-01-02 02:45:45
,2023-04-16 09:03:23
,2023-01-27 00:28:48
,2020-05-27 09:19:20
,2023-03-26 00:23:09
,2023-04-08 07:08:41
,2023-03-31 13:27:48
,2023-04-29 13:11:12
,2023-03-30 08:30:16
,2022-12-06 03:53:00
,2023-05-14 04:17:24
,2019-08-24 11:51:58
,2023-03-07 03:04:43
,2023-01-14 07:11:41
,2018-10-30 03:57:03
,2023-03-04 02:43:10
,2023-03-18 07:49:15
,2023-01-15 08:33:41
,2023-03-22 15:43:37
,2023-01-29 21:38:36
,2022-08-23 02:23:46
,2023-05-04 18:40:52
,2023-03-06 07:31:21
,2023-05-05 09:48:34
,2023-04-23 13:02:51
,2023-03-07 07:27:02
,2023-02-07 22:43:31
,2023-01-10 08:49:04
,2023-02-25 06:40:33
,2022-11-24 11:25:23
,2020-02-01 11:26:34
,2019-03-17 14:58:54
,2021-05-20 15:56:29
,2021-01-23 05:29:07
,2020-06-23 14:17:29
,2022-02-06 15:01:26
,2019-06-22 07:40:24
,2023-04-04 18:47:04
,2019-11-22 11:47:44
,2019-12-05 11:28:03
,2020-01-22 12:01:31
,2019-06-22 03:59:54
,2018-12-09 02:38:26
,2023-04-11 06:42:15
,2023-03-07 02:00:02
,2023-03-14 04:54:33
,2023-04-14 06:07:53
,2023-03-05 02:57:25
,2023-03-09 01:49:49
,2020-06-27 15:03:30
,2023-04-12 07:24:16
,2023-04-01 13:37:31
,2023-02-21 17:02:51
,2023-02-21 09:47:45
,2023-02-25 12:56:41
,2023-02-19 04:26:07
,2023-04-13 20:35:07
,2023-02-28 01:12:54
,2023-02-25 06:58:10
,2023-04-06 09:38:08
,2023-02-20 03:16:01
,2023-02-27 01:31:37
,2023-02-23 15:11:26
,2023-02-20 05:18:29
,2023-03-03 12:25:09
,2023-03-11 02:25:35
,2023-02-22 03:22:49
,2023-03-04 16:53:06
,2023-03-03 06:27:21
,2023-02-22 07:58:19
,2023-02-27 02:18:26
,2023-02-19 04:03:34
,2023-02-21 04:29:58
,2023-03-05 11:48:33
,2023-02-23 10:50:59
,2023-04-05 05:55:14
,2023-04-07 06:51:13
,2023-02-22 03:51:05
,2023-02-24 09:17:49
,2023-02-22 12:50:30
,2023-04-19 12:01:27
,2023-02-23 06:46:33
,2023-02-19 04:19:54
,2023-02-26 05:13:49
,2023-02-20 10:54:44
,2023-02-22 13:03:38
,2023-03-26 03:03:44
,2023-04-08 03:55:07
,2023-04-18 01:20:41
,2023-03-13 03:25:02
,2023-02-22 13:16:34
,2023-02-23 11:26:55
,2023-02-27 23:14:32
,2023-05-04 23:15:02
,2019-06-20 15:17:50
,2023-02-10 01:57:12
,2023-03-01 01:09:39
,2022-03-29 00:14:56
,2023-02-18 13:37:49
,2023-04-18 12:41:33
,2019-08-10 09:31:28
,2023-04-29 11:17:46
,2023-04-22 15:15:04
,2023-04-14 13:14:31
,2022-12-14 23:03:54
,2023-03-01 00:21:18
,2022-12-18 07:19:15
,2023-04-01 11:24:30
,2020-02-17 01:27:36
,2023-03-15 09:53:14
,2022-06-17 12:49:25
,2022-05-31 06:08:37
,2018-10-09 11:16:02
,2019-12-02 19:26:49
,2023-05-01 10:53:11
,2019-11-17 12:42:06
,2020-09-01 05:29:00
,2022-02-28 14:19:13
,2020-09-26 06:08:05
,2022-12-14 18:11:29
,2023-04-22 22:15:16
,2023-04-23 00:06:37
,2020-01-23 06:32:07
,2021-08-21 17:29:56
,2022-12-12 07:41:47
,2019-05-17 10:41:44
,2023-05-12 09:45:20
,2023-05-08 08:18:33
,2022-12-31 23:20:59
,2023-01-21 16:11:05
,2018-12-01 11:31:35
,2023-01-15 08:26:38
,2023-03-16 05:20:47
,2021-08-24 12:16:04
,2019-09-27 06:10:37
,2023-04-23 02:13:50
,2019-05-04 15:20:25
,2022-07-23 05:19:39
,2023-05-14 00:14:53
,2022-12-09 13:30:49
,2023-02-06 05:56:32
,2022-08-03 14:59:47
,2020-03-27 06:12:42
,2023-01-15 09:30:17
,2023-01-24 02:32:13
,2020-01-22 19:25:31
,2022-05-25 06:02:27
,2023-02-15 06:39:21
,2023-02-07 10:47:39
,2020-02-22 10:06:30
,2023-02-03 08:10:49
,2018-10-20 10:48:27
,2023-02-07 22:42:00
,2020-10-16 15:38:46
,2023-04-15 10:07:01
,2023-04-08 03:11:00
,2018-10-03 04:35:57
,2023-03-24 05:38:06
,2023-03-24 05:21:12
,2022-12-31 11:26:09
,2018-12-10 02:33:13
,2023-02-28 00:15:44
,2023-03-22 05:29:05
,2023-05-05 10:39:11
,2023-01-31 01:49:58
,2023-05-04 14:05:31
,2019-08-20 13:55:44
,2023-03-31 09:55:22
,2023-01-27 23:38:30
,2023-05-13 11:57:15
,2023-01-07 07:41:18
,2023-03-27 09:44:05
,2023-05-14 01:43:07
,2023-04-25 15:30:53
,2023-04-24 06:25:41
,2023-05-06 14:11:10
,2023-05-06 01:04:48
,2023-04-30 19:59:18
,2023-04-30 13:21:45
,2023-05-07 05:24:00
,2023-04-29 00:22:46
,2023-05-03 13:22:30
,2023-05-04 12:12:25
,2023-04-24 14:57:12
,2023-05-06 05:24:09
,2023-05-12 11:24:20
,2023-05-07 09:23:54
,2023-05-02 07:49:27
,2023-04-26 06:50:15
,2023-05-08 12:42:14
,2023-05-11 09:22:19
,2023-04-30 13:07:13
,2023-05-08 23:19:25
,2023-01-11 12:35:14
,2023-05-09 03:17:28
,2023-05-16 09:46:42
,2023-04-26 02:48:34
,2023-05-07 15:07:08
,2023-04-24 09:27:25
,2023-05-09 01:22:34
,2022-06-16 13:06:26
,2023-03-06 23:50:00
,2023-04-29 10:06:22
,2023-04-21 17:02:28
,2020-01-21 12:28:22
,2023-03-20 01:06:50
,2018-10-07 15:59:31
,2020-03-06 17:40:13
,2022-04-29 05:55:09
,2023-05-15 15:46:57
,2020-01-21 06:23:41
,2022-11-22 14:43:56
,2019-10-01 09:51:56
,2019-05-17 17:25:50
,2020-12-24 17:06:58
,2019-08-23 01:12:14
,2023-04-28 12:18:22
,2023-04-14 09:41:06
,2023-05-16 00:14:38
,2023-03-23 11:00:25
,2022-06-02 14:19:24
,2022-08-09 10:32:19
,2019-07-14 21:13:20
,2018-09-17 09:43:32
,2023-01-01 13:31:15
,2023-04-28 23:08:14
,2022-05-30 11:59:17
,2023-05-16 01:01:13
,2019-07-20 22:15:25
,2023-04-12 12:54:50
,2022-12-14 14:53:14
,2023-04-13 14:39:51
,2019-06-26 13:40:25
,2019-07-12 08:07:59
,2020-11-07 04:40:52
,2020-04-30 15:30:58
,2021-04-13 01:37:07
,2020-01-10 09:32:39
,2023-03-12 22:56:38
,2021-02-28 07:29:33
,2020-02-23 05:01:03
,2023-04-24 03:21:18
,2023-05-09 15:07:29
,2023-04-21 11:37:00
,2023-04-25 06:11:36
,2023-05-02 07:09:36
,2023-04-20 09:24:46
,2023-04-24 07:39:50
,2023-04-28 16:04:33
,2023-04-27 03:24:11
,2023-04-28 08:25:34
,2023-04-22 19:10:03
,2023-05-07 03:57:18
,2023-04-20 19:23:26
,2023-05-05 21:30:11
,2023-04-27 07:57:06
,2023-05-04 07:21:58
,2023-04-29 02:34:54
,2023-05-02 06:02:06
,2023-04-20 07:07:26
,2023-05-01 12:52:57
,2023-04-23 12:34:21
,2023-05-07 09:03:24
,2023-04-21 04:24:27
,2023-04-24 00:42:20
,2022-08-29 01:15:31
,2023-04-26 04:14:56
,2023-04-26 23:40:38
,2023-04-27 07:52:16
,2023-04-24 20:30:49
,2023-04-25 08:26:53
,2023-04-23 08:07:29
,2023-05-02 04:24:48
,2023-04-25 11:01:17
,2023-04-23 06:33:21
,2023-05-02 03:55:46
,2023-04-26 12:52:38
,2023-05-01 15:24:30
,2023-04-24 04:32:53
,2023-04-29 12:14:21
,2023-05-03 03:30:29
,2023-04-28 05:00:18
,2023-04-21 11:01:56
,2023-04-30 14:08:46
,2023-04-24 03:28:42
,2023-04-30 02:17:39
,2023-04-26 07:05:35
,2023-04-21 07:25:57
,2023-04-02 14:40:19
,2023-04-27 04:26:31
,2023-04-25 13:27:35
,2023-04-24 03:55:34
,2023-05-03 06:31:01
,2023-04-20 08:47:50
,2023-04-20 10:27:51
,2023-04-22 02:12:27
,2023-05-01 23:39:39
,2023-04-23 16:28:10
,2023-04-19 19:09:39
,2023-04-27 14:27:11
,2023-05-03 07:35:25
,2023-05-03 00:23:13
,2023-04-26 04:31:21
,2023-04-24 10:42:53
,2023-04-23 08:47:39
,2023-04-19 14:55:48
,2023-04-23 03:38:35
,2023-05-03 00:15:12
,2023-04-28 10:27:03
,2023-04-19 14:42:10
,2023-04-24 03:56:08
,2023-04-30 16:20:22
,2023-05-02 00:28:02
,2023-04-22 09:33:15
,2023-04-27 23:38:17
,2023-04-23 07:26:02
,2023-04-24 22:58:12
,2023-04-23 13:49:00
,2023-04-23 10:57:26
,2023-04-27 11:14:27
,2023-04-19 13:57:22
,2023-05-05 05:14:14
,2023-04-23 09:39:20
,2023-04-24 01:44:43
,2023-04-22 20:26:05
,2023-04-19 16:55:46
,2023-04-29 12:18:20
,2023-04-22 08:41:58
,2023-04-22 04:18:04
,2019-10-09 07:49:45
,2023-05-15 16:32:14
,2018-10-21 03:48:17
,2021-02-22 06:17:49
,2021-09-26 08:01:40
,2023-04-12 18:03:46
,2019-09-29 02:40:42
,2018-12-16 11:30:39
,2023-05-04 14:14:38
,2019-06-19 23:36:25
,2020-12-22 20:53:55
,2022-06-01 11:11:54
,2019-09-09 11:56:40
,2018-09-18 08:20:25
,2023-04-07 04:38:21
,2020-01-02 14:01:50
,2020-02-20 12:08:04
,2018-09-18 15:22:28
,2019-12-17 15:58:00
,2022-12-09 06:24:08
,2022-12-20 09:39:57
,2020-08-02 14:10:47
,2023-01-15 13:39:43
,2023-04-17 10:07:07
,2023-04-18 14:22:48
,2020-02-18 09:20:53
,2019-05-17 09:56:08
,2022-01-24 00:30:08
,2023-02-16 08:36:47
,2019-07-24 15:36:57
,2022-07-07 11:51:59
,2023-01-16 00:44:54
,2023-02-21 06:55:36
,2023-04-04 16:26:03
,2023-01-13 16:27:47
,2019-09-22 08:22:13
,2019-06-09 18:03:09
,2019-09-18 03:57:45
,2019-01-21 04:50:10
,2019-06-13 02:11:42
,2020-12-04 00:04:11
,2018-12-03 12:42:17
,2022-05-27 08:38:32
,2018-11-26 11:24:49
,2023-03-05 23:25:39
,2018-12-05 12:14:49
,2020-03-19 02:54:51
,2019-06-26 08:44:40
,2023-01-20 02:48:52
,2019-06-22 13:00:37
,2019-08-19 23:24:33
,2022-11-23 05:15:43
,2021-08-19 00:36:28
,2019-03-29 14:55:45
,2023-04-03 10:37:18
,2023-03-07 09:16:07
,2023-04-12 08:31:41
,2019-09-14 22:40:44
,2022-12-27 09:20:24
,2019-11-23 23:57:29
,2019-05-16 10:33:25
,2022-09-04 06:36:16
,2020-02-11 22:53:49
,2023-02-19 05:51:49
,2023-03-22 21:47:11
,2022-12-17 16:10:06
,2023-01-20 16:37:32
,2022-07-07 04:36:16
,2018-09-13 16:07:40
,2020-07-28 00:13:34
,2023-02-13 01:28:37
,2023-04-12 13:07:47
,2023-05-04 07:44:50
,2022-06-23 13:45:36
,2019-12-21 16:18:06
,2020-09-12 00:29:41
,2023-02-11 08:07:13
,2022-06-02 07:47:27
,2023-02-22 13:45:36
,2023-03-10 06:02:44
,2021-05-10 08:03:35
,2020-08-26 04:34:22
,2019-08-22 03:17:00
,2022-10-11 23:52:23
,2020-08-17 13:30:44
,2023-01-21 12:11:57
,2021-08-23 15:56:10
,2021-08-07 12:54:41
,2018-11-27 05:24:34
,2022-11-30 22:03:26
,2019-11-09 23:40:44
,2021-03-11 13:07:19
,2021-02-16 06:46:46
,2023-04-11 20:31:57
,2019-04-06 04:22:23
,2023-04-16 00:41:12
,2023-02-27 17:17:03
,2023-01-09 07:28:40
,2019-07-24 06:20:37
,2019-07-23 08:48:31
,2022-08-17 03:13:54
,2018-12-25 13:14:04
,2023-02-02 07:41:56
,2020-10-16 14:35:11
,2020-07-26 07:45:24
,2023-03-26 15:15:00
,2020-06-10 17:06:08
,2023-05-15 09:19:05
,2018-12-14 12:28:00
,2023-05-14 13:54:40
,2022-04-24 20:33:39
,2023-05-08 01:10:01
,2020-01-28 13:51:46
,2020-08-06 00:40:05
,2023-02-16 00:17:49
,2023-05-02 12:25:45
,2022-06-18 07:35:22
,2023-03-30 06:41:59
,2019-11-18 10:19:46
,2022-12-04 14:40:49
,2019-05-12 03:09:27
,2019-09-20 03:24:09
,2019-01-28 10:50:10
,2019-05-06 09:53:39
,2019-08-22 14:52:40
,2023-02-23 02:33:17
,2019-11-05 19:09:43
,2020-04-24 11:37:38
,2021-02-14 05:51:43
,2023-02-03 00:39:50
,2020-01-02 09:33:27
,2023-05-17 11:02:42
,2021-09-28 11:34:46
,2021-06-13 13:04:44
,2022-12-04 10:35:15
,2022-12-23 05:27:09
,2018-12-02 06:47:36
,2023-03-07 05:22:43
,2019-03-14 14:04:36
,2021-06-25 14:19:02
,2023-02-23 21:29:04
,2021-05-22 15:12:01
,2022-01-23 12:21:07
,2023-04-14 20:31:26
,2021-05-17 07:08:54
,2022-08-28 11:52:19
,2023-03-18 01:49:59
,2023-04-24 13:57:02
,2022-12-27 12:17:12
,2019-03-20 22:31:40
,2022-12-03 02:22:59
,2023-03-19 09:51:04
,2020-08-12 14:49:53
,2022-12-17 20:20:37
,2023-04-08 05:51:37
,2023-03-22 15:15:59
,2023-03-22 12:41:19
,2023-03-12 22:41:01
,2023-04-12 14:40:08
,2023-04-01 23:21:07
,2023-03-16 09:53:32
,2023-03-18 23:09:53
,2023-04-14 06:41:12
,2023-03-07 11:28:30
,2023-04-18 05:44:07
,2023-04-19 04:09:50
,2023-02-25 10:58:28
,2023-03-08 01:36:14
,2023-04-19 07:38:12
,2023-04-13 01:34:39
,2023-04-13 14:23:05
,2023-04-11 10:37:09
,2023-02-26 05:14:16
,2023-03-10 13:11:56
,2023-03-18 14:04:14
,2023-04-02 08:55:16
,2023-03-31 04:14:35
,2023-03-27 10:55:39
,2023-03-10 17:27:34
,2023-03-15 02:39:12
,2023-03-11 12:42:10
,2023-03-02 18:19:10
,2023-04-14 15:44:46
,2023-03-22 11:45:58
,2023-04-10 08:34:57
,2023-04-07 14:04:36
,2023-02-24 06:58:50
,2023-03-22 07:48:36
,2023-03-09 02:55:57
,2023-04-03 19:09:51
,2023-04-04 10:10:25
,2023-03-20 13:10:37
,2023-03-19 03:31:27
,2023-04-11 06:31:28
,2023-03-10 05:33:29
,2023-03-21 09:27:04
,2023-03-31 13:04:59
,2023-03-04 00:52:02
,2023-03-05 12:35:00
,2023-04-09 09:41:32
,2023-02-08 10:33:35
,2023-03-16 13:01:25
,2023-03-02 00:56:55
,2023-03-03 11:59:56
,2023-04-13 18:06:51
,2023-03-13 07:38:58
,2023-03-12 06:35:11
,2023-03-27 07:32:59
,2023-03-06 09:57:23
,2023-03-31 18:31:16
,2023-03-17 00:03:00
,2023-03-19 08:11:07
,2023-03-12 05:43:45
,2023-03-21 17:53:44
,2023-04-04 10:50:54
,2023-04-19 05:36:17
,2023-03-17 04:55:59
,2023-03-17 08:05:05
,2023-03-31 07:07:06
,2023-03-19 19:50:47
,2023-03-25 07:54:09
,2023-04-07 15:31:42
,2023-04-05 08:15:45
,2023-04-13 05:25:23
,2023-04-18 02:40:13
,2023-03-13 04:18:11
,2023-04-11 10:39:18
,2023-03-02 02:48:44
,2023-04-12 05:15:41
,2023-04-10 04:46:03
,2023-03-04 10:15:11
,2023-04-07 17:04:50
,2023-04-12 22:18:10
,2023-03-16 17:42:04
,2023-03-17 00:43:15
,2023-04-13 15:38:32
,2023-03-02 01:23:49
,2023-04-10 08:11:35
,2023-03-11 03:42:52
,2023-03-11 10:25:32
,2023-04-06 10:08:21
,2023-03-03 00:59:57
,2023-03-23 00:27:30
,2023-03-28 01:12:10
,2023-04-05 15:21:29
,2023-02-27 09:40:33
,2023-04-15 22:44:41
,2023-04-14 04:08:03
,2023-04-04 04:10:17
,2023-04-16 01:45:25
,2023-03-17 01:17:11
,2023-03-18 18:42:51
,2023-03-27 10:10:00
,2023-04-05 00:44:16
,2023-03-09 06:05:57
,2023-04-19 02:04:06
,2023-03-17 16:54:58
,2023-03-22 12:14:55
,2023-04-12 00:05:30
,2023-04-06 11:13:50
,2023-03-14 11:39:20
,2023-03-16 06:28:18
,2023-03-09 12:47:34
,2023-03-13 04:12:40
,2023-03-02 01:29:48
,2023-02-27 22:54:45
,2023-04-19 09:31:43
,2023-03-15 10:31:06
,2023-03-20 09:03:53
,2023-03-18 12:00:59
,2023-03-29 08:27:04
,2023-03-02 04:09:02
,2023-04-11 10:23:38
,2023-03-09 04:43:11
,2023-04-10 13:17:55
,2023-03-23 11:00:17
,2023-03-22 13:33:45
,2023-03-18 01:18:08
,2023-02-27 14:20:21
,2023-03-22 23:06:16
,2023-03-22 06:59:54
,2023-03-15 03:42:51
,2023-03-31 05:55:06
,2023-03-12 16:04:06
,2023-03-05 02:40:12
,2023-04-19 08:34:27
,2023-03-22 11:14:13
,2023-04-17 04:33:34
,2023-03-06 11:30:10
,2023-04-07 19:44:30
,2023-03-14 01:54:52
,2023-04-06 10:06:03
,2023-04-05 03:05:11
,2023-03-09 14:23:52
,2023-03-03 08:11:28
,2023-04-17 01:06:30
,2023-04-17 10:20:22
,2023-04-07 08:57:34
,2023-04-04 00:36:15
,2023-03-24 07:36:56
,2023-04-15 22:11:39
,2023-04-01 13:24:33
,2023-04-16 02:28:26
,2023-03-06 13:13:50
,2023-03-19 10:31:01
,2023-04-19 12:08:38
,2019-03-20 11:07:02
,2023-03-23 01:35:44
,2023-04-14 02:07:02
,2023-03-23 04:56:19
,2023-03-03 00:04:39
,2023-03-09 04:35:06
,2023-04-01 00:01:34
,2023-04-02 15:17:11
,2023-03-20 09:44:05
,2023-03-05 02:23:27
,2023-04-12 10:51:51
,2023-03-04 12:27:34
,2023-04-04 00:02:51
,2023-04-16 06:48:09
,2023-04-13 12:25:15
,2023-04-17 22:32:52
,2023-03-30 17:43:15
,2023-03-02 09:15:20
,2023-03-03 07:26:06
,2023-04-18 16:03:19
,2023-04-09 01:58:14
,2023-03-23 14:50:11
,2023-03-31 13:45:44
,2023-02-28 10:43:57
,2023-04-09 07:22:10
,2023-03-18 09:41:20
,2023-04-07 12:20:45
,2023-04-11 03:37:01
,2023-02-26 00:25:48
,2023-04-08 18:24:57
,2023-03-29 00:38:02
,2023-02-17 02:12:10
,2023-04-02 14:29:39
,2023-04-08 05:42:44
,2023-04-09 06:49:36
,2023-03-17 10:26:38
,2023-04-01 05:06:23
,2023-03-22 13:02:19
,2023-03-23 16:08:09
,2023-03-03 02:15:23
,2023-03-12 07:14:47
,2023-03-10 10:30:44
,2023-03-16 17:05:20
,2023-04-12 18:14:42
,2023-03-16 23:19:52
,2023-03-30 01:55:48
,2023-03-30 10:26:22
,2023-03-28 22:34:53
,2023-04-18 14:54:50
,2023-03-27 03:46:49
,2023-04-18 06:45:58
,2023-04-14 09:23:47
,2023-04-05 02:54:41
,2023-03-22 15:59:11
,2023-02-26 02:58:30
,2023-02-25 09:30:08
,2023-03-30 10:40:17
,2023-03-28 08:44:53
,2023-03-01 11:58:00
,2023-03-13 10:15:40
,2023-04-19 12:04:37
,2023-04-07 09:53:31
,2023-03-05 04:02:23
,2023-03-02 07:53:53
,2023-03-04 14:17:52
,2023-04-02 07:16:47
,2023-04-11 12:05:03
,2023-04-08 12:22:00
,2023-04-11 07:24:07
,2023-04-03 06:17:51
,2023-03-14 04:35:43
,2023-03-12 11:31:48
,2023-04-08 11:17:47
,2023-03-03 05:25:35
,2020-08-19 10:37:59
,2023-03-03 00:37:12
,2023-04-05 08:50:30
,2023-03-21 07:55:39
,2023-03-24 01:53:03
,2023-03-06 01:57:45
,2023-03-04 23:30:19
,2023-03-12 02:20:45
,2023-03-13 15:11:57
,2023-03-28 04:45:38
,2023-03-11 14:43:05
,2023-04-12 03:16:23
,2023-03-21 07:21:06
,2023-03-09 07:53:20
,2023-03-24 06:46:13
,2023-03-11 02:13:16
,2023-03-18 03:40:22
,2023-04-02 02:12:47
,2023-03-06 17:06:52
,2023-04-19 05:33:18
,2023-04-04 06:41:53
,2023-04-07 06:21:21
,2023-04-14 10:41:32
,2023-02-28 09:00:58
,2023-04-14 07:50:18
,2023-04-15 13:07:04
,2023-03-30 09:18:43
,2023-03-18 21:49:09
,2023-04-07 17:58:12
,2023-03-17 15:12:58
,2023-04-09 22:10:29
,2023-04-15 08:14:14
,2023-04-13 12:22:30
,2023-03-17 11:06:15
,2023-03-12 12:36:34
,2023-04-10 14:12:28
,2023-03-06 14:55:24
,2023-03-10 06:34:18
,2023-03-03 12:39:47
,2023-03-13 07:09:14
,2023-04-12 02:38:20
,2023-02-27 20:17:36
,2023-04-13 07:04:07
,2023-04-12 10:52:10
,2023-03-10 11:08:38
,2023-04-07 09:22:49
,2023-03-03 11:59:51
,2023-04-09 09:59:27
,2023-02-27 15:10:25
,2023-03-03 22:43:36
,2023-04-16 03:59:05
,2023-03-13 11:23:40
,2023-03-14 13:09:28
,2023-03-21 16:06:56
,2023-03-11 01:25:06
,2023-03-27 21:48:03
,2023-03-05 05:16:07
,2023-03-06 04:45:43
,2023-02-27 00:24:00
,2023-04-17 10:14:23
,2023-03-26 13:25:20
,2023-03-26 13:38:41
,2023-04-15 22:33:28
,2023-03-12 15:53:57
,2020-09-03 00:48:22
,2022-12-07 00:33:09
,2020-08-04 07:17:15
,2023-04-08 12:53:41
,2019-01-02 13:06:19
,2019-11-13 06:23:20
,2023-04-13 09:42:06
,2023-02-24 03:22:15
,2021-05-12 01:56:10
,2022-04-01 07:43:07
,2022-07-02 14:39:09
,2023-05-04 08:49:48
,2023-03-25 02:56:55
,2020-01-21 13:39:59
,2023-03-31 03:54:04
,2023-04-11 05:10:33
,2021-07-20 16:42:17
,2023-03-12 01:57:47
,2020-09-17 09:32:10
,2022-05-29 04:31:04
,2019-07-20 06:18:23
,2023-03-15 05:24:28
,2023-02-18 04:03:21
,2023-03-04 15:12:58
,2019-03-01 12:48:17
,2022-04-23 11:59:32
,2019-07-29 12:56:57
,2023-05-09 10:47:35
,2023-05-12 04:22:08
,2023-05-06 22:16:05
,2023-04-22 14:56:49
,2023-05-12 03:23:05
,2023-05-12 09:51:28
,2023-05-08 19:24:46
,2023-05-17 10:57:48
,2023-05-11 02:17:32
,2023-05-06 11:34:37
,2023-05-13 10:43:19
,2023-04-24 16:08:52
,2023-04-24 12:08:19
,2023-05-07 05:48:11
,2023-05-05 16:37:10
,2023-05-14 08:44:37
,2023-05-13 00:48:45
,2023-05-14 00:40:31
,2023-05-09 02:54:45
,2023-04-26 09:44:46
,2023-05-15 23:02:50
,2023-04-23 06:22:54
,2023-04-23 13:07:46
,2023-04-29 11:18:25
,2023-05-13 06:13:05
,2022-12-25 04:51:32
,2019-04-06 14:31:43
,2023-04-10 10:19:55
,2019-03-22 09:41:42
,2023-05-17 00:04:01
,2021-10-18 02:01:15
,2022-12-24 06:24:26
,2022-11-09 00:58:15
,2022-06-01 06:10:02
,2023-02-27 18:39:35
,2019-09-12 15:18:53
,2023-01-30 10:11:02
,2018-12-19 07:01:17
,2023-02-27 00:38:14
,2021-04-10 04:43:20
,2021-01-15 14:46:09
,2021-10-25 21:17:46
,2019-06-24 01:01:59
,2023-02-21 05:39:21
,2023-02-08 13:08:29
,2023-03-01 02:39:06
,2023-01-18 04:12:14
,2019-01-07 05:11:17
,2023-04-01 10:03:32
,2023-04-06 07:15:08
,2020-02-10 07:12:07
,2023-02-23 15:00:35
,2023-02-21 03:20:28
,2023-04-10 07:20:48
,2019-05-25 23:47:46
,2023-01-04 11:19:50
,2023-03-19 17:59:45
,2023-02-18 10:34:54
,2020-10-07 17:09:08
,2023-04-02 04:41:23
,2023-02-06 17:54:53
,2018-11-06 11:18:43
,2023-05-03 16:21:49
,2023-03-23 02:11:22
,2020-06-22 10:51:27
,2020-06-03 11:41:42
,2022-01-21 21:04:36
,2023-05-14 04:42:28
,2023-05-15 13:07:55
,2019-12-29 06:10:22
,2022-01-29 09:36:41
,2023-03-08 04:44:29
,2018-11-06 08:57:33
,2023-03-09 11:59:30
,2023-05-10 02:39:09
,2023-01-09 03:10:32
,2023-02-01 14:01:21
,2019-03-16 02:44:37
,2022-12-07 11:27:43
,2022-05-31 13:42:52
,2023-05-07 11:14:21
,2023-02-03 13:15:55
,2019-04-28 06:52:48
,2023-05-14 03:44:08
,2023-03-16 10:21:12
,2023-04-29 11:36:53
,2022-05-29 17:40:44
,2021-03-15 19:00:21
,2022-03-12 05:31:03
,2022-12-13 09:38:37
,2023-03-21 18:55:38
,2019-09-28 06:21:23
,2023-04-12 23:21:40
,2019-03-09 00:40:53
,2023-05-05 08:11:13
,2019-10-11 03:37:34
,2018-11-04 13:36:27
,2022-02-15 01:07:29
,2020-03-12 14:01:28
,2021-01-05 08:27:48
,2023-03-01 08:30:05
,2019-06-23 03:02:46
,2021-02-07 13:13:32
,2022-09-10 12:28:15
,2023-02-25 08:21:42
,2018-12-19 07:03:08
,2019-09-30 08:00:06
,2020-12-18 15:08:09
,2023-03-09 10:47:27
,2023-01-08 07:42:09
,2023-01-10 00:46:35
,2022-12-01 13:28:46
,2022-12-29 02:35:36
,2022-12-09 11:32:08
,2022-12-29 15:27:43
,2022-11-25 10:37:14
,2023-01-04 15:52:45
,2022-12-21 09:49:17
,2023-02-07 05:41:36
,2023-01-30 05:29:47
,2022-12-19 11:21:34
,2022-12-05 14:59:54
,2023-01-03 13:28:17
,2023-02-06 07:46:57
,2023-01-31 06:25:28
,2023-01-31 00:41:20
,2023-01-05 02:46:30
,2023-01-15 08:56:43
,2022-12-11 14:31:52
,2023-02-02 01:14:14
,2022-12-01 16:04:21
,2023-01-29 20:21:50
,2022-12-09 08:36:53
,2023-01-16 04:25:52
,2022-12-02 00:46:23
,2022-12-17 02:04:00
,2023-01-02 12:45:39
,2023-01-27 16:37:22
,2023-01-05 08:40:30
,2022-12-02 11:09:04
,2023-01-10 22:37:27
,2022-12-05 22:52:25
,2023-02-07 08:03:11
,2023-01-13 14:34:39
,2023-01-27 19:56:23
,2022-12-23 16:06:18
,2022-12-21 18:11:31
,2022-12-09 04:51:42
,2022-12-14 02:23:34
,2023-01-04 13:35:54
,2022-12-14 09:14:42
,2023-04-24 16:37:31
,2023-01-07 13:57:50
,2023-01-31 11:36:57
,2022-12-17 05:12:22
,2022-12-15 03:17:08
,2022-12-12 07:44:57
,2022-12-09 01:26:20
,2023-01-22 16:05:45
,2023-01-19 10:36:32
,2022-12-13 08:40:35
,2023-01-02 11:19:08
,2022-11-29 07:12:57
,2022-12-30 01:47:45
,2022-12-11 15:32:42
,2023-01-16 11:11:40
,2023-01-07 13:20:12
,2023-02-14 13:39:41
,2022-12-08 14:37:37
,2023-01-04 09:47:00
,2023-01-07 05:25:38
,2023-01-09 14:10:53
,2023-02-01 07:10:41
,2023-02-07 11:48:19
,2022-12-24 11:36:08
,2023-01-16 12:23:59
,2023-02-18 11:56:20
,2022-12-04 05:02:49
,2023-02-13 12:40:22
,2022-12-26 04:39:56
,2022-12-31 03:00:12
,2023-01-06 14:05:37
,2022-12-13 13:35:48
,2022-12-14 16:10:45
,2022-12-02 21:09:44
,2023-01-16 19:28:01
,2023-01-30 16:17:14
,2023-02-07 00:57:16
,2022-12-22 07:38:15
,2023-01-20 14:10:40
,2023-01-23 10:53:03
,2023-02-11 01:57:42
,2022-12-12 01:25:26
,2023-01-30 22:45:42
,2023-02-01 18:21:51
,2023-01-08 08:14:04
,2022-12-31 04:46:19
,2023-01-11 09:43:19
,2022-12-16 05:59:39
,2023-02-13 07:17:40
,2023-02-07 04:56:34
,2022-11-29 18:48:52
,2023-02-05 12:12:06
,2023-01-27 12:18:30
,2022-12-10 00:55:48
,2023-02-05 10:58:43
,2023-02-14 14:02:15
,2022-12-30 00:33:49
,2023-01-20 07:45:20
,2023-01-02 19:28:33
,2023-02-14 11:33:45
,2022-12-16 12:42:39
,2022-12-17 14:34:25
,2023-02-03 10:47:15
,2023-01-07 07:35:34
,2023-01-20 04:13:26
,2023-01-26 12:54:51
,2023-01-14 00:50:50
,2023-01-07 11:47:12
,2022-12-07 14:36:39
,2023-02-03 16:02:39
,2023-02-09 09:43:27
,2023-02-11 13:17:31
,2023-01-06 12:11:15
,2023-01-13 08:40:59
,2023-02-08 06:03:33
,2023-01-13 11:43:17
,2023-01-06 09:45:47
,2022-12-05 04:14:41
,2023-01-01 10:22:56
,2023-01-09 00:36:50
,2023-02-15 01:34:34
,2023-01-20 00:14:28
,2023-02-10 11:29:52
,2023-01-10 08:03:10
,2023-02-16 04:37:36
,2023-02-08 12:18:14
,2023-01-05 10:59:45
,2023-01-14 16:55:33
,2023-02-13 03:43:50
,2022-12-02 17:48:13
,2023-02-05 21:31:37
,2023-01-07 12:15:46
,2023-01-20 12:26:35
,2022-12-26 06:35:55
,2023-01-06 14:54:53
,2022-12-21 06:19:42
,2023-01-31 09:55:30
,2023-01-21 04:33:22
,2022-12-22 01:32:22
,2022-12-18 16:52:46
,2023-01-31 00:48:56
,2023-02-04 00:43:47
,2022-11-30 09:51:19
,2022-12-19 12:50:47
,2023-01-17 00:39:49
,2023-01-27 10:21:36
,2022-11-30 11:12:32
,2023-01-24 05:48:47
,2023-01-21 06:09:37
,2022-12-23 16:57:39
,2023-01-09 17:18:00
,2023-01-02 05:33:27
,2022-12-04 12:03:52
,2022-12-28 04:55:36
,2023-01-08 08:05:04
,2023-02-11 08:46:31
,2023-01-22 06:17:59
,2023-02-17 00:49:44
,2022-12-24 07:32:20
,2022-12-10 16:32:00
,2023-01-15 03:18:02
,2023-01-10 06:12:24
,2023-02-07 15:23:32
,2023-02-16 05:27:35
,2022-12-22 17:56:12
,2022-12-15 01:32:53
,2022-12-03 13:52:28
,2023-02-06 07:48:45
,2023-02-14 01:42:33
,2023-01-18 12:51:06
,2023-01-04 06:36:43
,2022-12-25 12:28:50
,2022-12-22 08:25:01
,2023-01-20 07:05:49
,2023-01-18 08:28:47
,2023-01-05 06:02:42
,2022-12-10 00:48:48
,2022-12-16 05:36:15
,2022-12-18 02:24:39
,2022-12-26 07:15:15
,2022-12-31 10:41:24
,2022-08-01 23:20:19
,2022-12-07 08:52:14
,2023-01-19 03:46:25
,2020-02-26 21:59:35
,2023-01-06 08:36:36
,2023-01-30 13:00:44
,2022-12-10 02:28:57
,2022-12-10 01:48:24
,2023-02-15 02:41:10
,2023-01-15 06:40:03
,2023-01-30 11:57:51
,2022-11-27 11:37:32
,2023-01-12 08:08:55
,2023-02-16 04:06:05
,2022-12-11 15:54:05
,2023-01-15 18:16:30
,2022-12-12 13:23:19
,2023-02-05 02:58:51
,2023-01-20 09:37:11
,2023-02-18 02:34:15
,2023-02-17 11:47:45
,2023-02-09 01:39:12
,2023-01-09 09:57:53
,2023-01-13 20:19:42
,2023-02-14 13:47:38
,2022-12-09 08:40:34
,2023-01-26 10:54:09
,2023-02-05 14:23:37
,2023-02-10 12:03:18
,2023-01-31 03:42:29
,2023-02-06 22:33:23
,2023-02-11 07:04:37
,2023-01-22 20:45:12
,2023-02-04 14:37:29
,2022-11-30 01:37:11
,2023-01-03 07:24:35
,2023-01-02 16:59:27
,2023-02-12 02:13:20
,2023-02-07 04:41:54
,2023-01-04 07:07:14
,2022-12-04 01:36:28
,2022-12-05 20:59:44
,2023-01-04 23:00:56
,2023-02-06 12:58:36
,2023-01-08 09:12:25
,2023-01-10 08:18:01
,2023-01-04 03:48:47
,2023-01-11 10:48:37
,2022-12-24 17:26:40
,2023-01-02 03:37:53
,2023-01-02 09:48:34
,2023-02-09 05:11:16
,2022-12-06 00:08:38
,2023-02-21 14:39:51
,2019-07-26 07:07:15
,2018-10-03 11:22:02
,2020-02-12 03:14:23
,2023-05-10 11:58:20
,2023-04-23 12:43:36
,2023-04-24 17:53:57
,2022-12-24 06:16:35
,2019-01-11 12:35:38
,2022-12-04 10:34:27
,2018-09-16 17:29:16
,2022-04-13 12:08:32
,2019-05-27 00:05:04
,2023-03-08 19:58:15
,2023-01-14 13:59:28
,2020-01-25 02:38:54
,2021-06-29 07:15:32
,2022-05-29 08:05:27
,2023-01-12 01:53:14
,2023-05-03 05:58:05
,2023-05-12 06:47:49
,2020-07-31 04:59:14
,2022-06-08 09:39:34
,2020-09-02 11:46:51
,2023-03-06 04:59:04
,2023-02-07 22:27:54
,2023-01-04 01:11:41
,2018-12-03 01:13:13
,2021-08-25 09:49:19
,2022-05-22 06:49:25
,2023-03-20 09:33:32
,2023-03-01 12:54:19
,2023-02-16 11:40:17
,2023-01-26 02:03:59
,2019-10-10 17:29:14
,2019-04-06 07:47:34
,2023-04-21 07:49:14
,2023-01-27 03:38:33
,2023-02-10 10:45:28
,2022-05-29 10:33:21
,2023-01-22 11:31:30
,2023-05-10 11:11:23
,2019-11-14 10:11:50
,2023-01-01 03:19:58
,2022-12-11 02:38:30
,2022-11-28 12:43:36
,2020-01-06 01:17:47
,2018-12-10 19:26:43
,2020-02-05 18:20:29
,2022-12-14 07:52:07
,2021-08-07 09:49:06
,2018-10-15 10:53:15
,2020-08-16 04:24:51
,2023-03-10 18:06:05
,2023-03-11 08:39:00
,2023-03-15 07:16:13
,2021-01-28 04:54:13
,2019-09-29 14:09:55
,2022-12-17 13:46:28
,2023-04-21 23:24:49
,2021-03-17 14:04:27
,2018-09-13 11:40:49
,2019-12-23 11:11:30
,2023-05-01 03:00:24
,2019-06-27 18:10:13
,2022-12-01 14:48:25
,2021-10-31 06:17:24
,2022-10-05 04:56:04
,2023-05-06 02:26:10
,2018-12-29 01:44:45
,2018-12-05 02:27:11
,2023-01-28 01:08:14
,2022-10-24 02:40:38
,2023-05-05 13:27:34
,2023-03-05 00:54:22
,2019-05-19 13:03:46
,2021-05-25 12:19:45
,2023-04-26 04:29:55
,2023-01-18 03:05:56
,2019-12-09 16:29:52
,2023-01-18 05:25:03
,2023-02-06 00:08:48
,2021-07-17 16:13:17
,2022-12-26 14:49:01
,2021-07-08 14:00:08
,2022-06-18 12:04:18
,2023-01-04 07:32:41
,2023-02-13 00:04:56
,2023-01-31 13:33:47
,2022-05-30 10:24:19
,2023-01-31 03:37:17
,2018-12-06 02:34:55
,2020-02-01 11:38:59
,2022-07-12 06:39:30
,2019-10-11 12:57:55
,2020-06-19 06:18:30
,2023-05-03 23:25:14
,2019-06-16 03:35:05
,2019-06-15 07:16:22
,2022-12-16 03:32:31
,2019-01-22 12:45:59
,2019-07-31 23:27:48
,2020-05-16 02:49:15
,2022-11-27 06:25:02
,2021-09-11 15:15:54
,2023-04-08 17:05:37
,2023-01-30 04:56:43
,2023-04-25 02:53:02
,2023-05-07 13:12:35
,2023-03-13 23:13:54
,2019-03-29 10:13:00
,2021-01-24 13:07:47
,2023-03-08 02:43:02
,2019-09-01 06:06:09
,2023-04-22 16:01:36
,2022-07-21 01:21:09
,2019-02-02 11:21:10
,2022-07-03 15:09:58
,2020-11-21 04:44:55
,2019-06-24 08:03:53
,2023-03-14 10:05:50
,2019-03-03 12:54:44
,2019-11-30 22:25:12
,2019-09-06 15:39:59
,2023-03-31 22:57:47
,2022-12-18 23:31:03
,2023-02-20 09:13:35
,2023-03-16 03:40:47
,2022-06-13 02:12:41
,2023-01-28 23:18:41
,2020-03-22 14:51:54
,2019-01-08 09:24:43
,2019-11-03 06:04:24
,2022-07-20 05:47:06
,2023-04-17 12:31:34
,2019-10-01 09:09:59
,2022-05-08 12:05:25
,2019-03-24 12:08:10
,2020-07-08 12:50:40
,2022-08-21 01:23:21
,2018-12-19 14:55:08
,2023-03-07 06:27:20
,2023-05-01 15:07:55
,2023-03-05 07:47:59
,2023-04-29 05:45:58
,2023-04-10 01:27:29
,2020-12-22 06:33:07
,2023-02-25 08:54:05
,2019-03-03 13:06:42
,2020-01-06 14:43:39
,2023-04-27 15:02:56
,2019-09-11 08:55:35
,2019-10-11 12:40:34
,2018-11-30 05:20:38
,2019-09-21 09:20:29
,2023-03-05 05:30:52
,2023-05-05 12:34:15
,2022-06-22 16:25:50
,2022-11-28 08:34:19
,2019-11-25 23:58:17
,2023-03-06 02:55:57
,2023-03-12 23:00:26
,2023-03-18 12:51:32
,2023-02-23 17:59:08
,2023-03-07 05:05:42
,2023-03-03 04:05:38
,2023-03-16 13:16:14
,2023-03-30 07:46:17
,2023-03-31 03:55:55
,2023-03-13 07:42:41
,2023-03-09 02:52:58
,2023-04-09 01:59:44
,2023-04-15 15:48:26
,2023-03-13 08:37:04
,2023-02-22 13:51:34
,2023-02-20 14:14:14
,2023-02-21 12:11:14
,2023-02-26 07:15:07
,2023-03-10 19:16:20
,2023-02-19 12:41:11
,2023-02-19 11:47:43
,2023-03-11 19:38:13
,2023-02-22 00:30:38
,2023-02-26 10:43:53
,2023-04-01 08:05:26
,2023-03-27 04:07:40
,2023-04-01 14:03:06
,2023-03-26 00:52:12
,2023-03-15 11:12:06
,2023-03-11 04:48:09
,2023-04-18 09:06:34
,2023-03-19 14:35:45
,2023-04-12 16:21:10
,2023-04-17 04:49:53
,2023-03-02 04:20:58
,2023-02-28 06:54:53
,2023-02-19 08:23:24
,2023-02-19 00:55:03
,2023-03-03 06:58:48
,2023-02-20 05:43:11
,2023-04-05 14:17:32
,2023-03-07 18:18:05
,2021-12-24 01:02:35
,2019-10-01 04:36:20
,2023-04-26 23:47:55
,2023-03-07 01:42:54
,2022-07-30 13:06:55
,2022-07-03 18:25:22
,2023-01-01 16:45:17
,2022-01-13 12:49:07
,2023-04-01 03:56:27
,2023-04-24 10:08:13
,2022-05-21 13:15:13
,2023-04-06 09:57:43
,2021-04-01 07:51:27
,2023-04-11 11:33:07
,2019-03-03 13:02:16
,2019-01-07 08:56:31
,2023-03-22 15:56:18
,2019-03-03 13:01:53
,2022-12-18 06:56:55
,2022-02-05 04:39:00
,2018-11-03 23:11:50
,2022-11-27 06:43:14
,2023-02-23 09:09:16
,2020-07-18 06:07:56
,2022-02-26 22:23:32
,2019-02-11 07:49:46
,2023-04-19 02:49:45
,2020-02-01 15:07:31
,2023-02-26 04:17:01
,2022-12-27 10:31:50
,2023-03-29 10:21:39
,2021-04-27 06:02:01
,2020-01-26 00:03:09
,2023-02-22 05:48:29
,2023-05-05 07:01:10
,2022-06-02 02:44:51
,2019-04-27 02:36:33
,2023-05-16 04:31:31
,2022-01-07 13:45:42
,2019-05-24 01:05:34
,2023-05-05 12:39:24
,2023-02-27 22:06:21
,2020-08-13 11:58:04
,2020-06-13 02:57:09
,2018-12-19 00:36:16
,2018-12-14 11:36:13
,2020-07-24 15:25:01
,2022-07-24 12:52:22
,2019-11-07 04:10:02
,2022-05-03 13:53:16
,2023-03-11 12:26:35
,2022-12-20 12:18:05
,2019-07-29 10:50:04
,2019-05-14 03:37:37
,2023-04-07 02:06:43
,2023-05-03 19:12:22
,2020-02-07 07:34:12
,2022-12-30 15:02:49
,2023-05-17 01:52:02
,2019-02-28 03:33:29
,2021-01-19 07:18:47
,2019-11-10 19:00:36
,2021-06-16 05:54:22
,2023-01-06 00:50:20
,2018-09-22 04:46:49
,2023-01-21 08:51:33
,2022-06-19 09:06:38
,2020-08-21 08:30:51
,2023-03-07 09:06:21
,2020-07-25 06:23:44
,2020-07-05 10:00:02
,2022-07-01 23:14:41
,2023-02-27 09:05:28
,2023-03-08 23:23:14
,2022-06-25 23:46:14
,2019-08-25 01:30:50
,2023-04-08 14:57:37
,2020-08-03 12:03:17
,2019-07-30 17:01:58
,2023-04-21 06:30:57
,2020-10-07 05:38:12
,2019-09-24 15:41:41
,2019-12-03 17:14:08
,2023-04-23 14:18:36
,2020-09-05 09:03:08
,2023-04-20 15:57:12
,2020-01-17 15:39:10
,2023-02-28 07:16:47
,2023-04-20 07:57:22
,2023-01-22 13:39:38
,2023-04-07 13:41:26
,2023-05-05 14:44:10
,2019-03-27 10:42:24
,2020-03-03 06:29:34
,2020-11-23 06:28:50
,2023-04-21 07:31:14
,2023-03-17 13:23:02
,2022-07-12 10:52:25
,2023-05-05 13:54:01
,2023-01-16 03:03:34
,2022-12-01 12:23:06
,2020-10-23 08:55:25
,2022-12-18 06:23:38
,2023-03-25 01:10:19
,2019-01-14 07:47:00
,2020-04-03 23:19:11
,2023-04-27 21:38:13
,2023-01-02 06:46:48
,2023-03-06 08:29:04
,2022-04-29 05:31:43
,2023-02-23 02:52:33
,2023-03-21 02:55:33
,2018-10-04 07:28:47
,2019-07-26 11:52:52
,2020-01-26 18:31:31
,2023-05-14 10:45:05
,2023-03-04 05:35:07
,2019-08-18 16:42:05
,2022-05-05 01:15:17
,2020-03-07 10:32:14
,2023-01-14 09:49:07
,2023-01-15 11:07:23
,2022-12-25 10:56:53
,2019-07-28 09:27:41
,2023-03-08 02:31:58
,2020-12-02 12:57:38
,2023-02-12 10:48:07
,2020-08-17 06:26:47
,2020-01-17 05:36:19
,2019-01-22 12:46:35
,2021-01-03 07:46:29
,2019-09-05 02:25:32
,2023-04-27 05:54:28
,2019-05-05 10:32:44
,2020-02-23 13:25:59
,2020-12-17 00:41:39
,2018-09-13 15:06:39
,2023-04-23 18:07:48
,2023-03-15 16:44:57
,2019-01-16 07:19:44
,2019-05-05 22:14:30
,2023-04-10 08:48:17
,2022-12-04 06:32:28
,2023-02-13 22:37:54
,2020-03-07 06:38:40
,2023-04-06 12:17:15
,2021-04-25 05:11:23
,2023-05-15 01:42:59
,2023-04-02 05:35:03
,2020-01-07 12:05:38
,2022-12-18 11:41:04
,2020-03-04 05:01:25
,2020-08-12 23:36:03
,2018-09-16 23:51:44
,2019-06-15 10:23:03
,2020-08-08 11:07:51
,2023-02-24 13:20:18
,2018-12-31 14:25:57
,2023-04-27 11:28:09
,2023-04-01 18:25:27
,2023-03-23 01:44:34
,2019-09-10 23:58:35
,2022-11-27 09:55:43
,2023-02-08 19:29:02
,2023-04-11 01:51:27
,2018-11-20 12:46:37
,2020-10-05 23:59:32
,2022-04-10 12:58:17
,2019-12-24 13:31:33
,2018-12-24 16:24:29
,2021-06-17 23:35:24
,2022-12-22 23:39:21
,2021-02-13 01:56:11
,2018-10-15 10:05:28
,2023-03-24 00:55:39
,2023-04-17 07:27:04
,2023-01-01 05:35:27
,2023-04-24 20:02:53
,2020-08-02 08:11:12
,2022-11-29 11:24:34
,2022-06-26 09:18:03
,2023-02-17 18:11:12
,2023-04-17 03:14:30
,2020-09-15 09:55:35
,2023-01-02 01:46:13
,2023-05-03 11:48:01
,2023-05-15 02:48:55
,2019-11-09 12:56:14
,2023-03-11 04:05:36
,2023-04-13 10:53:06
,2019-01-04 11:19:22
,2023-04-26 21:37:14
,2019-11-15 07:42:04
,2023-05-06 06:07:41
,2023-01-30 05:34:43
,2019-07-04 06:34:01
,2020-11-19 04:27:49
,2019-10-19 12:21:59
,2019-12-07 12:51:01
,2019-07-21 06:18:38
,2019-11-02 22:13:27
,2023-03-20 16:09:26
,2023-03-16 02:37:10
,2023-01-26 12:23:55
,2022-07-07 13:40:14
,2022-06-14 02:57:02
,2020-11-17 12:11:17
,2023-05-07 04:31:32
,2023-02-07 11:31:38
,2018-11-06 16:28:06
,2023-03-30 02:31:35
,2023-01-26 08:40:53
,2023-03-27 12:56:39
,2023-04-01 13:07:28
,2018-11-15 13:26:30
,2020-08-26 02:26:06
,2023-03-19 01:38:23
,2022-08-02 11:59:23
,2021-03-10 12:54:10
,2020-12-13 04:44:53
,2023-03-29 01:20:28
,2023-05-13 02:28:01
,2020-11-12 22:19:31
,2021-02-16 03:46:53
,2023-02-02 04:12:37
,2019-05-09 12:32:24
,2021-07-20 14:08:09
,2020-03-08 15:46:55
,2021-02-12 10:02:06
,2022-12-07 18:16:22
,2022-12-12 09:42:08
,2023-03-13 13:48:04
,2022-08-29 03:34:53
,2019-01-28 07:13:51
,2023-03-28 07:26:13
,2023-04-17 15:00:40
,2020-01-15 21:05:29
,2019-09-29 13:53:29
,2023-05-11 10:38:40
,2020-01-04 14:19:18
,2019-08-29 07:51:00
,2022-12-23 17:23:45
,2019-09-19 16:16:38
,2023-02-26 02:59:53
,2020-09-16 04:44:42
,2020-12-08 03:29:24
,2019-10-01 01:36:16
,2021-01-24 13:44:33
,2023-04-23 15:20:54
,2023-02-04 00:38:55
,2023-05-05 14:43:09
,2022-12-16 11:42:36
,2019-08-29 02:16:25
,2023-02-03 10:57:00
,2019-10-14 06:19:42
,2019-06-29 06:07:50
,2022-01-12 02:33:10
,2023-01-22 18:01:38
,2023-04-24 09:21:35
,2020-08-14 10:04:08
,2023-05-02 06:18:22
,2023-03-19 03:06:19
,2018-11-29 10:03:09
,2019-08-22 12:24:14
,2020-01-12 07:12:53
,2023-05-08 11:39:37
,2023-02-19 23:12:37
,2019-07-23 03:31:01
,2023-01-07 09:20:02
,2021-11-09 06:18:15
,2019-03-16 22:16:15
,2019-02-11 14:55:12
,2019-03-19 15:56:37
,2023-04-09 00:30:58
,2019-09-20 14:15:25
,2023-04-14 06:36:32
,2023-04-29 04:29:26
,2022-11-28 10:49:31
,2020-12-14 03:29:36
,2018-12-19 13:25:51
,2023-04-12 14:46:35
,2019-05-19 03:10:36
,2021-10-27 03:50:04
,2023-01-26 12:34:53
,2022-07-29 08:26:42
,2019-04-02 13:21:39
,2020-08-14 14:56:51
,2019-11-06 04:50:48
,2023-01-07 06:50:17
,2023-03-22 01:58:54
,2023-02-03 07:56:33
,2018-11-07 09:56:34
,2018-11-26 09:10:52
,2023-05-04 05:17:10
,2020-07-22 09:42:29
,2023-03-02 13:26:03
,2023-03-19 06:15:06
,2023-01-06 05:17:04
,2022-04-11 02:31:10
,2023-01-26 10:52:48
,2023-03-22 20:30:45
,2019-04-01 04:07:50
,2020-01-19 13:17:23
,2023-01-16 23:44:19
,2023-02-18 11:21:06
,2019-05-18 13:30:45
,2023-02-18 13:34:46
,2019-09-06 11:17:08
,2023-03-01 01:12:26
,2023-04-20 09:36:53
,2021-12-24 08:01:13
,2020-11-01 13:46:38
,2022-12-29 10:55:34
,2018-12-22 22:00:56
,2021-04-12 16:50:03
,2022-11-30 10:30:43
,2022-04-01 07:16:58
,2019-07-06 02:47:23
,2021-05-04 14:19:55
,2022-03-16 08:42:57
,2021-08-22 02:38:54
,2023-04-15 19:01:45
,2022-12-19 12:02:17
,2023-04-23 22:48:35
,2022-05-06 08:17:24
,2019-03-28 03:42:29
,2020-10-05 04:46:43
,2019-08-13 09:36:10
,2020-05-18 04:35:46
,2021-10-28 07:58:37
,2023-02-12 12:03:51
,2023-05-01 02:51:00
,2019-07-09 00:02:54
,2023-04-26 06:32:03
,2023-04-22 13:27:27
,2018-10-11 11:36:36
,2019-08-27 06:46:28
,2023-05-13 12:50:43
,2019-03-21 12:09:56
,2019-12-25 09:37:31
,2019-10-28 15:30:24
,2023-03-07 21:52:52
,2019-10-31 12:47:35
,2023-05-06 07:22:33
,2023-01-13 14:14:05
,2020-07-06 11:34:06
,2022-07-03 11:36:59
,2020-01-25 20:40:42
,2020-08-14 20:02:48
,2023-05-02 04:37:25
,2018-10-11 05:04:32
,2020-06-07 06:23:42
,2021-12-27 02:14:25
,2021-02-11 00:42:12
,2020-07-23 06:44:25
,2022-12-23 08:25:45
,2022-07-01 10:44:14
,2020-04-06 14:07:24
,2021-02-19 02:09:44
,2019-05-02 11:50:04
,2023-01-16 11:51:19
,2020-12-15 00:19:49
,2023-03-21 04:55:26
,2023-05-05 14:48:32
,2023-04-30 07:40:07
,2020-05-31 11:37:44
,2019-12-10 02:46:13
,2022-09-11 16:43:46
,2020-08-10 03:47:10
,2021-03-05 11:01:22
,2020-01-28 06:03:34
,2023-03-14 03:43:04
,2018-12-01 12:13:03
,2021-06-08 09:48:10
,2023-02-27 08:36:00
,2023-04-23 03:59:12
,2019-09-29 03:04:38
,2023-04-14 03:56:24
,2022-08-18 11:21:45
,2021-06-23 03:13:09
,2019-02-27 03:18:58
,2020-04-10 18:26:15
,2022-05-07 17:16:54
,2019-07-03 03:27:34
,2020-05-20 09:45:23
,2019-11-22 05:40:54
,2019-10-04 12:49:43
,2023-05-01 16:32:25
,2022-12-18 10:05:16
,2020-04-09 14:34:04
,2023-01-13 17:15:49
,2023-01-28 05:32:19
,2021-01-20 15:22:18
,2023-05-14 01:16:19
,2022-08-24 01:46:01
,2022-12-23 16:52:55
,2020-02-27 23:00:04
,2019-03-09 12:42:02
,2023-01-01 02:26:27
,2023-02-15 04:23:19
,2020-01-13 17:29:49
,2023-04-25 09:04:52
,2019-04-03 07:59:22
,2020-02-23 04:39:25
,2022-12-11 23:00:58
,2019-12-04 03:43:25
,2022-12-24 04:36:11
,2023-04-27 06:23:18
,2023-03-09 02:27:39
,2022-12-25 07:30:10
,2019-06-28 11:49:50
,2022-07-30 05:46:35
,2020-01-21 09:14:07
,2023-03-03 12:16:12
,2021-01-23 12:56:49
,2019-08-09 22:00:58
,2023-03-13 08:44:52
,2023-01-29 14:04:41
,2023-04-29 05:38:36
,2019-09-20 02:12:29
,2022-07-14 06:11:34
,2018-11-13 03:26:59
,2020-04-13 08:10:04
,2019-05-25 05:57:06
,2019-07-07 10:15:26
,2020-02-07 14:44:03
,2023-04-08 16:02:17
,2018-09-17 05:13:58
,2019-03-19 10:25:54
,2019-11-05 05:34:35
,2021-02-04 07:11:23
,2023-04-22 12:51:50
,2021-11-13 10:54:51
,2019-02-11 10:53:12
,2019-10-27 12:04:57
,2023-03-09 14:51:36
,2020-01-18 23:10:28
,2023-04-19 14:18:42
,2019-03-28 15:57:35
,2019-10-28 09:35:35
,2021-07-12 06:51:16
,2019-01-26 10:33:01
,2020-07-14 03:24:40
,2023-03-23 15:25:03
,2023-03-10 12:43:02
,2020-04-12 08:28:06
,2023-04-27 08:05:59
,2022-12-06 00:14:47
,2022-08-21 12:24:25
,2019-08-27 07:28:12
,2019-05-10 11:34:58
,2019-03-22 07:54:52
,2018-10-17 15:27:16
,2020-02-28 10:57:52
,2022-07-10 19:20:44
,2023-01-08 14:34:38
,2023-03-03 08:08:12
,2023-04-04 22:02:47
,2019-05-09 16:37:32
,2023-04-27 02:38:22
,2022-06-15 15:12:28
,2020-01-12 15:46:08
,2019-04-14 12:51:43
,2023-04-26 10:05:56
,2019-07-02 01:36:02
,2022-05-27 04:28:47
,2019-01-18 05:30:49
,2023-02-24 00:59:30
,2022-06-02 19:19:50
,2023-05-02 11:39:21
,2020-12-23 13:29:13
,2020-01-21 02:54:40
,2022-11-15 21:17:30
,2020-02-22 04:01:53
,2020-10-11 05:48:44
,2019-07-16 11:40:41
,2021-11-28 08:40:56
,2019-10-12 04:50:45
,2020-10-13 05:48:05
,2018-12-19 12:32:47
,2019-05-31 08:39:23
,2021-01-11 12:22:30
,2020-08-06 04:06:18
,2021-05-30 02:11:55
,2023-04-13 00:55:02
,2022-05-15 09:18:03
,2019-10-14 11:50:42
,2020-01-10 11:22:58
,2018-09-28 16:21:52
,2019-01-03 12:14:45
,2020-04-08 03:53:48
,2023-04-28 14:27:05
,2019-07-22 01:15:04
,2023-03-22 04:48:10
,2020-02-07 11:09:08
,2022-07-05 10:07:12
,2019-03-05 05:15:13
,2019-07-25 10:53:00
,2023-04-24 17:02:31
,2019-07-31 00:53:49
,2023-02-07 14:30:23
,2022-12-02 23:49:58
,2023-03-01 07:51:26
,2023-05-13 08:15:32
,2023-04-26 08:58:52
,2022-12-09 01:31:00
,2020-01-22 22:34:07
,2023-03-06 09:39:27
,2021-10-15 22:16:32
,2019-10-28 14:05:15
,2020-02-05 03:32:39
,2023-05-09 02:42:45
,2023-03-20 09:57:39
,2022-07-02 10:05:42
,2018-11-25 12:05:19
,2018-12-05 05:04:38
,2018-10-04 20:00:50
,2019-08-12 13:05:07
,2023-01-28 06:25:04
,2021-08-10 22:53:33
,2023-04-05 22:35:43
,2021-03-21 13:40:58
,2021-08-07 09:58:43
,2019-07-01 02:28:32
,2023-02-25 06:50:57
,2019-04-07 23:56:46
,2022-12-31 09:22:56
,2019-08-01 14:36:38
,2023-01-14 19:25:49
,2019-05-21 09:36:29
,2019-09-22 18:43:44
,2019-05-30 23:03:04
,2018-12-30 22:45:46
,2018-10-31 00:18:24
,2021-04-07 05:06:15
,2020-01-26 08:23:46
,2022-05-29 06:04:16
,2022-12-08 09:04:53
,2022-06-07 11:06:13
,2021-11-03 22:56:51
,2023-04-23 06:38:16
,2020-10-06 22:26:51
,2022-12-07 15:34:27
,2020-01-07 10:04:44
,2023-04-19 03:08:51
,2021-03-28 13:09:24
,2023-03-01 10:44:55
,2021-01-16 04:08:17
,2019-08-02 13:59:03
,2023-01-29 08:23:52
,2023-04-17 23:44:02
,2022-12-10 15:42:25
,2023-04-25 00:48:07
,2021-04-13 16:33:42
,2020-10-31 03:06:09
,2020-10-07 02:56:12
,2023-04-07 00:53:19
,2022-12-17 11:42:52
,2022-06-30 11:52:14
,2018-12-26 08:11:00
,2021-05-29 09:16:25
,2023-05-02 12:28:06
,2023-04-14 03:23:35
,2023-01-02 04:00:42
,2022-02-22 12:42:19
,2021-07-19 23:54:17
,2023-05-11 07:12:07
,2020-06-12 11:25:51
,2022-12-09 04:47:10
,2021-10-27 06:12:23
,2019-08-18 18:14:51
,2022-07-05 23:17:40
,2023-03-20 04:15:49
,2023-02-20 13:34:37
,2019-08-17 05:11:56
,2019-09-24 13:20:48
,2023-05-03 05:26:23
,2021-07-15 00:11:48
,2019-08-06 04:49:55
,2021-08-18 10:27:23
,2020-06-29 22:52:43
,2019-12-02 06:44:56
,2019-05-17 01:14:16
,2023-03-04 11:35:14
,2020-12-03 17:27:07
,2019-08-17 12:17:20
,2021-09-10 11:06:40
,2021-01-20 13:08:13
,2020-05-14 04:19:07
,2023-02-28 13:29:30
,2019-03-27 08:02:38
,2023-02-18 15:07:06
,2020-02-16 09:24:44
,2023-01-27 07:24:53
,2022-12-14 10:35:18
,2019-08-01 11:23:22
,2021-11-27 10:27:12
,2019-02-06 01:33:03
,2023-01-04 03:27:01
,2022-05-29 00:52:11
,2023-02-11 23:55:09
,2019-09-10 09:18:00
,2022-08-03 10:59:47
,2019-02-23 02:46:51
,2019-06-26 10:56:51
,2020-01-15 20:28:01
,2021-11-19 08:20:08
,2019-05-13 13:03:28
,2022-08-01 13:10:50
,2019-01-04 04:33:05
,2022-03-18 02:57:08
,2022-02-11 12:11:35
,2021-04-28 02:34:33
,2019-05-01 02:42:28
,2019-11-08 23:07:32
,2023-04-03 21:01:59
,2018-10-26 10:40:33
,2022-03-25 00:30:08
,2019-09-20 07:10:56
,2022-05-20 04:42:26
,2023-03-06 22:07:57
,2023-01-19 09:04:56
,2023-04-27 11:27:04
,2023-02-25 20:58:30
,2023-04-20 18:53:06
,2023-02-23 22:27:39
,2020-08-02 07:57:18
,2020-02-09 06:41:54
,2022-06-22 05:54:29
,2021-12-26 04:02:07
,2021-09-05 09:00:01
,2020-12-30 11:10:24
,2018-09-19 01:15:28
,2019-07-17 23:34:08
,2021-01-19 16:55:41
,2019-10-10 07:27:45
,2022-06-27 17:05:12
,2022-11-17 04:31:48
,2021-01-20 14:31:28
,2023-03-14 23:02:49
,2018-10-30 07:38:24
,2022-07-10 05:51:27
,2023-03-02 15:05:06
,2021-05-16 13:31:47
,2023-05-08 05:23:26
,2019-11-06 12:54:51
,2019-10-23 06:07:35
,2020-01-22 01:45:02
,2022-05-06 05:29:38
,2023-02-19 07:56:00
,2020-04-19 06:41:19
,2020-01-22 08:20:49
,2019-02-20 18:57:18
,2023-03-05 02:01:10
,2023-04-05 05:55:47
,2020-03-25 11:38:51
,2021-11-08 12:08:52
,2019-05-01 00:39:56
,2023-05-05 08:22:53
,2023-04-25 09:26:26
,2022-12-31 15:18:21
,2022-12-02 04:02:37
,2020-02-04 12:54:31
,2019-11-25 00:37:46
,2019-07-17 06:39:52
,2019-08-16 09:23:39
,2023-04-30 11:40:21
,2023-03-19 23:47:05
,2023-05-03 11:27:50
,2019-11-21 01:36:30
,2021-05-04 11:49:53
,2020-04-29 09:43:42
,2018-10-16 12:14:58
,2023-04-21 14:31:09
,2022-12-17 14:13:02
,2023-04-24 14:12:43
,2019-04-30 01:21:56
,2020-11-03 18:29:09
,2020-01-28 09:35:33
,2019-10-14 04:14:42
,2020-04-22 06:12:55
,2023-05-07 03:06:28
,2019-08-25 09:03:30
,2019-03-22 05:35:02
,2021-06-08 07:24:13
,2023-02-23 01:02:46
,2021-06-10 05:48:50
,2020-08-14 13:15:18
,2019-04-22 04:49:54
,2022-12-26 11:33:16
,2018-10-30 09:01:41
,2018-09-26 15:13:28
,2023-04-12 12:18:46
,2019-07-05 09:36:26
,2022-06-10 02:04:34
,2021-01-15 07:13:35
,2023-03-15 11:08:33
,2023-03-04 09:07:58
,2019-09-25 12:57:35
,2022-07-02 07:40:33
,2022-10-21 11:33:47
,2023-03-02 09:34:01
,2019-12-12 00:24:55
,2018-12-14 15:46:06
,2020-05-28 09:39:16
,2023-04-11 10:00:49
,2020-08-13 09:53:53
,2019-02-17 02:50:25
,2019-11-28 07:54:36
,2019-10-10 06:11:04
,2019-07-16 07:12:15
,2023-03-09 11:08:29
,2023-03-29 00:42:18
,2020-06-01 21:17:50
,2019-04-29 13:49:44
,2019-03-15 01:53:15
,2020-11-02 00:28:12
,2023-05-07 15:30:47
,2022-12-29 01:06:08
,2018-09-26 20:13:22
,2023-02-06 11:11:42
,2023-04-08 06:54:46
,2022-03-26 10:19:21
,2019-04-27 11:56:42
,2019-05-19 05:36:09
,2019-10-22 23:53:26
,2022-12-11 09:59:28
,2019-05-29 16:24:47
,2019-05-10 22:26:25
,2020-02-24 14:16:18
,2022-05-21 07:39:29
,2022-07-30 09:41:43
,2018-09-18 13:21:39
,2023-01-02 01:10:16
,2020-03-15 04:03:54
,2020-02-17 22:28:46
,2019-02-06 10:13:11
,2023-03-16 04:24:41
,2021-11-16 07:45:57
,2023-05-10 10:26:39
,2022-12-26 03:59:44
,2023-01-14 09:29:00
,2019-03-30 06:20:30
,2023-03-11 06:10:46
,2023-02-09 05:08:36
,2022-12-11 02:51:44
,2019-12-20 03:08:23
,2018-09-15 05:31:59
,2019-09-30 14:47:56
,2019-12-31 05:23:03
,2019-09-03 10:30:09
,2020-01-29 12:45:03
,2020-01-26 11:56:15
,2020-01-09 06:25:00
,2019-11-14 06:54:52
,2023-05-06 14:45:10
,2023-03-16 03:04:53
,2021-07-15 14:42:34
,2023-05-05 09:51:53
,2021-06-24 11:13:17
,2019-08-29 20:22:02
,2023-02-15 04:44:46
,2023-01-16 11:27:00
,2020-04-02 08:45:49
,2019-05-11 15:59:02
,2021-08-08 04:34:35
,2020-03-03 09:17:45
,2023-05-13 12:26:08
,2023-04-01 06:21:30
,2020-05-15 09:54:40
,2021-11-29 22:24:10
,2019-03-22 00:59:31
,2020-01-29 08:42:32
,2023-01-09 12:26:19
,2022-11-05 16:01:28
,2023-03-07 08:49:08
,2023-02-16 05:39:30
,2018-12-18 08:03:53
,2020-02-20 16:46:01
,2023-04-19 04:51:17
,2023-01-02 13:53:04
,2023-04-10 03:24:31
,2021-11-27 12:06:34
,2021-10-30 04:59:49
,2023-01-15 05:50:59
,2019-05-15 06:41:29
,2023-04-07 01:04:22
,2020-06-18 00:15:29
,2019-10-26 04:27:35
,2022-07-27 10:22:10
,2019-09-20 03:33:43
,2023-01-15 23:25:26
,2022-11-22 13:20:58
,2022-12-07 09:13:49
,2022-12-14 15:21:44
,2022-12-01 13:39:15
,2022-12-24 04:19:11
,2022-12-24 12:40:28
,2023-01-06 08:15:48
,2023-03-15 11:33:19
,2023-01-26 06:42:03
,2022-12-28 00:35:16
,2022-12-13 18:55:54
,2023-01-18 16:21:37
,2022-12-25 00:20:39
,2022-12-11 07:57:24
,2022-11-30 06:32:41
,2023-01-23 10:57:09
,2023-01-26 14:46:55
,2022-12-01 00:00:47
,2022-12-02 23:28:57
,2023-01-21 16:41:35
,2023-02-15 11:31:54
,2023-02-09 02:15:50
,2022-12-04 23:54:59
,2023-02-02 03:53:02
,2023-01-06 02:20:20
,2023-01-02 15:34:45
,2023-04-14 08:06:33
,2022-12-20 08:27:18
,2022-12-08 06:56:32
,2023-01-20 10:46:52
,2023-03-07 09:19:01
,2023-02-07 10:28:45
,2023-01-30 14:44:34
,2022-12-21 06:34:59
,2023-02-17 01:04:06
,2023-02-15 12:10:34
,2022-11-26 08:35:43
,2019-04-24 04:38:42
,2022-11-24 14:57:29
,2023-02-04 07:52:26
,2022-12-08 13:18:43
,2022-11-28 21:44:47
,2022-11-30 01:01:26
,2023-02-15 09:59:36
,2023-02-10 13:21:33
,2022-11-28 06:52:27
,2022-12-19 07:43:44
,2023-01-05 00:01:02
,2023-01-08 12:41:32
,2023-02-03 04:21:20
,2022-12-10 13:44:22
,2022-12-11 05:01:39
,2023-02-04 15:56:54
,2023-01-12 03:08:07
,2022-12-25 10:01:22
,2022-11-24 03:55:40
,2023-02-17 11:50:30
,2022-12-11 02:45:22
,2023-01-04 21:56:26
,2023-02-10 15:01:53
,2023-01-17 15:03:26
,2022-12-19 22:38:15
,2023-01-01 02:55:39
,2023-01-21 11:03:27
,2022-12-19 05:41:28
,2022-12-30 06:35:36
,2022-12-01 05:07:33
,2023-02-09 02:58:11
,2023-01-24 04:56:38
,2022-11-22 14:03:17
,2023-01-24 08:43:48
,2023-02-14 12:14:54
,2023-01-01 04:25:47
,2023-01-26 16:40:47
,2023-01-17 16:05:21
,2022-12-21 01:24:01
,2022-12-13 14:59:51
,2022-11-25 13:12:26
,2022-12-30 19:26:49
,2022-12-20 23:41:00
,2022-12-16 09:17:28
,2022-12-12 11:22:20
,2023-01-25 15:05:23
,2022-12-27 10:25:13
,2023-01-24 12:45:02
,2022-12-31 14:52:55
,2023-02-16 16:04:12
,2023-01-27 12:30:42
,2019-07-08 20:53:43
,2021-06-16 14:33:34
,2019-07-08 14:30:07
,2020-08-21 09:56:01
,2022-05-18 07:47:40
,2022-09-25 04:51:39
,2023-04-26 06:50:08
,2022-07-09 08:39:48
,2018-12-27 02:35:42
,2018-10-27 12:58:28
,2023-05-02 08:03:05
,2023-05-10 06:50:57
,2019-05-08 08:19:08
,2021-09-26 14:59:39
,2019-06-02 11:56:51
,2023-02-19 07:24:03
,2020-01-06 21:03:23
,2023-01-24 08:40:01
,2019-08-14 11:12:47
,2019-05-27 07:20:53
,2020-05-10 03:34:05
,2022-12-11 16:24:09
,2020-03-03 14:32:59
,2023-04-26 08:36:15
,2020-12-03 17:30:02
,2023-02-12 01:29:13
,2023-05-07 12:11:00
,2022-09-21 09:06:08
,2020-09-28 11:16:20
,2020-02-27 02:23:21
,2023-04-24 21:30:22
,2020-01-18 12:13:18
,2023-03-01 08:58:40
,2019-10-21 06:10:42
,2022-12-13 11:28:13
,2023-02-16 02:42:04
,2020-08-12 00:00:51
,2023-04-01 14:14:58
,2019-09-25 16:05:52
,2021-01-28 12:45:55
,2022-01-22 08:00:17
,2019-08-02 10:07:27
,2019-07-04 06:22:47
,2023-02-02 05:20:25
,2020-05-27 13:35:17
,2023-04-07 19:15:04
,2019-05-23 02:59:00
,2021-02-02 01:09:17
,2020-08-31 02:22:10
,2022-03-24 11:40:13
,2019-09-12 04:05:49
,2020-01-14 11:37:59
,2022-12-15 13:29:08
,2022-03-06 07:11:06
,2023-02-17 00:29:03
,2018-11-01 06:11:45
,2019-04-04 09:17:34
,2023-02-24 14:32:56
